"","X1","X2","X3"
"1","Rank","Land Area â–¼","City / Population"
"2","1.","468.67 sq mi","Los Angeles, CA / 3,862,210"
"3","2.","325.19 sq mi","San Diego, CA / 1,341,510"
"4","3.","203.52 sq mi","California City, CA / 13,243"
"5","4.","176.53 sq mi","San Jose, CA / 986,320"
"6","5.","142.16 sq mi","Bakersfield, CA / 358,700"
"7","6.","111.96 sq mi","Fresno, CA / 506,132"
"8","7.","105.96 sq mi","Palmdale, CA / 155,810"
"9","8.","105.59 sq mi","Lucerne Valley, CA / 5,767"
"10","9.","97.92 sq mi","Sacramento, CA / 476,075"
"11","10.","94.28 sq mi","Lancaster, CA / 159,092"
"12","11.","94.12 sq mi","Palm Springs, CA / 45,827"
"13","12.","81.78 sq mi","Durham, CA / 5,743"
"14","13.","81.14 sq mi","Riverside, CA / 313,041"
"15","14.","77.46 sq mi","Fremont, CA / 221,654"
"16","15.","73.19 sq mi","Apple Valley, CA / 70,561"
"17","16.","73.18 sq mi","Victorville, CA / 119,603"
"18","17.","73.10 sq mi","Hesperia, CA / 91,757"
"19","18.","72.10 sq mi","Hayfork, CA / 2,372"
"20","19.","66.11 sq mi","Irvine, CA / 229,850"
"21","20.","61.67 sq mi","Stockton, CA / 297,223"
"22","21.","60.10 sq mi","Phelan, CA / 12,947"
"23","22.","59.65 sq mi","Redding, CA / 90,725"
"24","23.","59.20 sq mi","San Bernardino, CA / 213,044"
"25","24.","59.14 sq mi","Twentynine Palms, CA / 25,601"
"26","25.","58.29 sq mi","Mojave, CA / 4,172"
"27","26.","57.12 sq mi","Berry Creek, CA / 1,292"
"28","27.","56.56 sq mi","Squaw Valley, CA / 2,450"
"29","28.","56.01 sq mi","Adelanto, CA / 31,773"
"30","29.","55.79 sq mi","Oakland, CA / 402,339"
"31","30.","55.03 sq mi","Thousand Oaks, CA / 128,126"
"32","31.","52.72 sq mi","Santa Clarita, CA / 179,030"
"33","32.","52.12 sq mi","Rosamond, CA / 18,658"
"34","33.","51.27 sq mi","Moreno Valley, CA / 198,872"
"35","34.","50.29 sq mi","Long Beach, CA / 468,594"
"36","35.","50.01 sq mi","Hat Creek, CA / 215"
"37","36.","49.94 sq mi","Ontario, CA / 166,892"
"38","37.","49.84 sq mi","Anaheim, CA / 342,973"
"39","38.","49.63 sq mi","Chula Vista, CA / 253,031"
"40","39.","48.45 sq mi","El Dorado Hills, CA / 43,862"
"41","40.","46.87 sq mi","San Francisco, CA / 829,072"
"42","41.","46.47 sq mi","Menifee, CA / 81,658"
"43","42.","46.05 sq mi","Prunedale, CA / 18,574"
"44","43.","45.32 sq mi","Hayward, CA / 149,596"
"45","44.","44.68 sq mi","Chino Hills, CA / 76,187"
"46","45.","44.51 sq mi","Three Rivers, CA / 2,278"
"47","46.","44.37 sq mi","Mineral, CA / 222"
"48","47.","43.07 sq mi","Borrego Springs, CA / 2,359"
"49","48.","42.43 sq mi","Fontana, CA / 201,355"
"50","49.","42.19 sq mi","Elk Grove, CA / 158,455"
"51","50.","41.48 sq mi","Bear Valley Springs, CA / 5,058"
"52","51.","41.48 sq mi","Simi Valley, CA / 125,699"
"53","52.","41.38 sq mi","Barstow, CA / 23,110"
"54","53.","41.29 sq mi","Santa Rosa, CA / 170,782"
"55","54.","41.23 sq mi","Oceanside, CA / 171,400"
"56","55.","41.19 sq mi","Mountain Ranch, CA / 1,369"
"57","56.","40.02 sq mi","Yucca Valley, CA / 21,083"
"58","57.","39.85 sq mi","Rancho Cucamonga, CA / 170,170"
"59","58.","39.26 sq mi","Acton, CA / 6,956"
"60","59.","39.08 sq mi","Poway, CA / 49,040"
"61","60.","38.84 sq mi","Ruth, CA / 164"
"62","61.","38.83 sq mi","Corona, CA / 157,395"
"63","62.","38.41 sq mi","Ramona, CA / 21,578"
"64","63.","37.72 sq mi","Carlsbad, CA / 109,296"
"65","64.","37.39 sq mi","Fairfield, CA / 107,983"
"66","65.","37.04 sq mi","Joshua Tree, CA / 7,564"
"67","66.","36.87 sq mi","Modesto, CA / 205,984"
"68","67.","36.81 sq mi","Escondido, CA / 147,603"
"69","68.","36.25 sq mi","Visalia, CA / 126,942"
"70","69.","36.22 sq mi","Roseville, CA / 124,250"
"71","70.","36.21 sq mi","Lake Elsinore, CA / 56,243"
"72","71.","36.13 sq mi","Redlands, CA / 69,787"
"73","72.","35.12 sq mi","La Quinta, CA / 38,774"
"74","73.","34.65 sq mi","Mad River, CA / 398"
"75","74.","33.96 sq mi","Rosedale, CA / 14,826"
"76","75.","33.88 sq mi","Homestead Valley, CA / 3,366"
"77","76.","33.58 sq mi","Murrieta, CA / 106,326"
"78","77.","33.51 sq mi","Rancho Cordova, CA / 67,167"
"79","78.","33.01 sq mi","Rail Road Flat, CA / 369"
"80","79.","32.92 sq mi","Chico, CA / 87,517"
"81","80.","32.32 sq mi","Truckee, CA / 16,191"
"82","81.","32.21 sq mi","Shaver Lake, CA / 735"
"83","82.","32.11 sq mi","Pinon Hills, CA / 6,654"
"84","83.","31.95 sq mi","Big Bear City, CA / 12,563"
"85","84.","31.39 sq mi","Perris, CA / 71,377"
"86","85.","31.20 sq mi","Furnace Creek, CA / 187"
"87","86.","30.91 sq mi","Beaumont, CA / 39,620"
"88","87.","30.81 sq mi","Needles, CA / 4,923"
"89","88.","30.67 sq mi","Vallejo, CA / 118,078"
"90","89.","30.55 sq mi","Concord, CA / 125,017"
"91","90.","30.45 sq mi","Glendale, CA / 195,380"
"92","91.","30.42 sq mi","Desert Center, CA / 208"
"93","92.","30.31 sq mi","Willow Creek, CA / 1,425"
"94","93.","30.15 sq mi","Temecula, CA / 104,955"
"95","94.","30.07 sq mi","Richmond, CA / 106,469"
"96","95.","29.64 sq mi","Chino, CA / 80,810"
"97","96.","29.18 sq mi","Indio, CA / 82,539"
"98","97.","29.16 sq mi","Palermo, CA / 5,419"
"99","98.","29.00 sq mi","Wilton, CA / 4,670"
"100","99.","28.95 sq mi","Coachella, CA / 42,576"
"101","100.","28.71 sq mi","Shoshone, CA / 22"
"102","101.","28.48 sq mi","Benton, CA / 178"
"103","102.","28.37 sq mi","Vacaville, CA / 93,994"
"104","103.","28.35 sq mi","Antioch, CA / 105,630"
"105","104.","28.02 sq mi","Chalfant, CA / 714"
"106","105.","27.94 sq mi","Shafter, CA / 17,261"
"107","106.","27.90 sq mi","Junction City, CA / 920"
"108","107.","27.89 sq mi","Yucaipa, CA / 52,406"
"109","108.","27.85 sq mi","Hemet, CA / 81,203"
"110","109.","27.75 sq mi","Sunol, CA / 956"
"111","110.","27.59 sq mi","Anza, CA / 2,356"
"112","111.","27.44 sq mi","Novato, CA / 53,451"
"113","112.","27.43 sq mi","Valley Center, CA / 9,872"
"114","113.","27.41 sq mi","Concow, CA / 539"
"115","114.","27.27 sq mi","Santa Ana, CA / 331,266"
"116","115.","26.89 sq mi","Oxnard, CA / 201,744"
"117","116.","26.81 sq mi","Palm Desert, CA / 49,953"
"118","117.","26.78 sq mi","Alpine, CA / 14,580"
"119","118.","26.75 sq mi","Huntington Beach, CA / 195,686"
"120","119.","26.64 sq mi","Weldon, CA / 2,604"
"121","120.","26.19 sq mi","Blythe, CA / 20,101"
"122","121.","26.04 sq mi","Sheridan, CA / 1,465"
"123","122.","25.72 sq mi","San Jacinto, CA / 45,497"
"124","123.","25.64 sq mi","Atascadero, CA / 28,792"
"125","124.","25.31 sq mi","Cohasset, CA / 808"
"126","125.","25.22 sq mi","Morongo Valley, CA / 3,605"
"127","126.","25.17 sq mi","Livermore, CA / 83,901"
"128","127.","25.04 sq mi","Douglas City, CA / 670"
"129","128.","24.87 sq mi","Mammoth Lakes, CA / 8,154"
"130","129.","24.80 sq mi","Orange, CA / 138,980"
"131","130.","24.65 sq mi","Shingletown, CA / 2,241"
"132","131.","24.53 sq mi","Midpines, CA / 689"
"133","132.","24.45 sq mi","Rancho Mirage, CA / 17,634"
"134","133.","24.39 sq mi","Oak Hills, CA / 10,308"
"135","134.","24.37 sq mi","San Marcos, CA / 87,808"
"136","135.","24.27 sq mi","Sky Valley, CA / 2,493"
"137","136.","24.11 sq mi","Pleasanton, CA / 73,164"
"138","137.","23.88 sq mi","Palo Alto, CA / 65,998"
"139","138.","23.80 sq mi","Newport Beach, CA / 86,594"
"140","139.","23.69 sq mi","Wildomar, CA / 33,601"
"141","140.","23.64 sq mi","Thousand Palms, CA / 7,956"
"142","141.","23.62 sq mi","Desert Hot Springs, CA / 27,678"
"143","142.","23.48 sq mi","Campo, CA / 3,031"
"144","143.","23.41 sq mi","Catheys Valley, CA / 878"
"145","144.","23.32 sq mi","Merced, CA / 80,490"
"146","145.","23.28 sq mi","Clovis, CA / 98,815"
"147","146.","23.18 sq mi","Salinas, CA / 154,077"
"148","147.","23.10 sq mi","Banning, CA / 30,281"
"149","148.","22.97 sq mi","Pasadena, CA / 139,065"
"150","149.","22.95 sq mi","Pomona, CA / 151,142"
"151","150.","22.84 sq mi","Agua Dulce, CA / 2,898"
"152","151.","22.76 sq mi","Santa Maria, CA / 101,468"
"153","152.","22.35 sq mi","Fullerton, CA / 137,945"
"154","153.","22.35 sq mi","Rialto, CA / 101,367"
"155","154.","22.20 sq mi","Bella Vista, CA / 2,717"
"156","155.","22.15 sq mi","Oroville East, CA / 8,782"
"157","156.","22.03 sq mi","Vandenberg, CA / 3,464"
"158","157.","22.00 sq mi","Tracy, CA / 84,573"
"159","158.","21.99 sq mi","Sunnyvale, CA / 145,921"
"160","159.","21.95 sq mi","Folsom, CA / 73,334"
"161","160.","21.93 sq mi","Lathrop, CA / 19,163"
"162","161.","21.74 sq mi","Bridgeport, CA / 761"
"163","162.","21.71 sq mi","Lake Isabella, CA / 3,093"
"164","163.","21.65 sq mi","San Buenaventura, CA / 108,449"
"165","164.","21.53 sq mi","Granite Bay, CA / 22,646"
"166","165.","21.51 sq mi","Indio Hills, CA / 910"
"167","166.","21.50 sq mi","Cathedral City, CA / 52,550"
"168","167.","21.43 sq mi","Salton City, CA / 3,867"
"169","168.","21.43 sq mi","West Sacramento, CA / 49,946"
"170","169.","21.05 sq mi","Greeley Hill, CA / 566"
"171","170.","20.93 sq mi","Tulare, CA / 60,663"
"172","171.","20.90 sq mi","Yosemite Lakes, CA / 4,668"
"173","172.","20.80 sq mi","Mckinleyville, CA / 16,448"
"174","173.","20.79 sq mi","Copperopolis, CA / 4,365"
"175","174.","20.77 sq mi","Ridgecrest, CA / 28,282"
"176","175.","20.48 sq mi","Torrance, CA / 147,181"
"177","176.","20.47 sq mi","Butte Creek Canyon, CA / 805"
"178","177.","20.27 sq mi","Hyampom, CA / 255"
"179","178.","20.11 sq mi","Lincoln, CA / 44,397"
"180","179.","20.01 sq mi","Lewiston, CA / 1,480"
"181","180.","19.78 sq mi","Malibu, CA / 12,830"
"182","181.","19.76 sq mi","Walnut Creek, CA / 65,923"
"183","182.","19.63 sq mi","Oasis, CA / 5,807"
"184","183.","19.54 sq mi","Rocklin, CA / 59,002"
"185","184.","19.53 sq mi","Camarillo, CA / 65,985"
"186","185.","19.48 sq mi","Yorba Linda, CA / 66,335"
"187","186.","19.47 sq mi","Union City, CA / 71,675"
"188","187.","19.47 sq mi","Santa Barbara, CA / 89,669"
"189","188.","19.42 sq mi","Avenal, CA / 14,553"
"190","189.","19.42 sq mi","Redwood City, CA / 79,736"
"191","190.","19.39 sq mi","Glendora, CA / 50,855"
"192","191.","19.30 sq mi","Temescal Valley, CA / 22,535"
"193","192.","19.22 sq mi","Descanso, CA / 1,305"
"194","193.","19.17 sq mi","Mead Valley, CA / 19,851"
"195","194.","19.14 sq mi","Auberry, CA / 2,347"
"196","195.","19.13 sq mi","Topanga, CA / 8,923"
"197","196.","19.12 sq mi","El Paso De Robles, CA / 30,522"
"198","197.","19.03 sq mi","Lone Pine, CA / 2,017"
"199","198.","18.98 sq mi","Carmel Valley Village, CA / 4,321"
"200","199.","18.97 sq mi","Pine Mountain Lake, CA / 2,422"
"201","200.","18.81 sq mi","Encinitas, CA / 61,008"
"202","201.","18.81 sq mi","Day Valley, CA / 3,869"
"203","202.","18.76 sq mi","Highland, CA / 54,032"
"204","203.","18.72 sq mi","Carson, CA / 92,475"
"205","204.","18.71 sq mi","San Clemente, CA / 64,673"
"206","205.","18.68 sq mi","Vista, CA / 96,181"
"207","206.","18.59 sq mi","Tecopa, CA / 115"
"208","207.","18.55 sq mi","Leona Valley, CA / 1,697"
"209","208.","18.48 sq mi","Loma Rica, CA / 2,537"
"210","209.","18.44 sq mi","Walker, CA / 540"
"211","210.","18.41 sq mi","Santa Clara, CA / 119,525"
"212","211.","18.31 sq mi","Paradise, CA / 26,246"
"213","212.","18.29 sq mi","Butte Valley, CA / 603"
"214","213.","18.06 sq mi","San Ramon, CA / 73,826"
"215","214.","18.03 sq mi","Danville, CA / 42,891"
"216","215.","17.94 sq mi","Garden Grove, CA / 173,853"
"217","216.","17.84 sq mi","Napa, CA / 78,511"
"218","217.","17.83 sq mi","Arden-Arcade, CA / 92,844"
"219","218.","17.82 sq mi","Lake Forest, CA / 78,940"
"220","219.","17.74 sq mi","Mission Viejo, CA / 95,246"
"221","220.","17.73 sq mi","Manteca, CA / 70,693"
"222","221.","17.73 sq mi","Lake Arrowhead, CA / 11,255"
"223","222.","17.70 sq mi","Manton, CA / 341"
"224","223.","17.61 sq mi","Porterville, CA / 54,949"
"225","224.","17.53 sq mi","Fallbrook, CA / 31,435"
"226","225.","17.50 sq mi","Warner Valley, CA / 5"
"227","226.","17.34 sq mi","Burbank, CA / 104,484"
"228","227.","17.22 sq mi","Pittsburg, CA / 65,761"
"229","228.","17.21 sq mi","Vineyard, CA / 25,640"
"230","229.","17.13 sq mi","Edwards, CA / 2,503"
"231","230.","16.93 sq mi","Turlock, CA / 69,875"
"232","231.","16.85 sq mi","Pine Mountain Club, CA / 1,890"
"233","232.","16.85 sq mi","San Diego Country Estates, CA / 10,191"
"234","233.","16.69 sq mi","Bonny Doon, CA / 2,752"
"235","234.","16.64 sq mi","Diamond Springs, CA / 12,105"
"236","235.","16.63 sq mi","Castro Valley, CA / 62,363"
"237","236.","16.59 sq mi","Hanford, CA / 54,523"
"238","237.","16.58 sq mi","Jamul, CA / 5,445"
"239","238.","16.47 sq mi","San Rafael, CA / 58,588"
"240","239.","16.43 sq mi","Stallion Springs, CA / 2,983"
"241","240.","16.24 sq mi","Santee, CA / 55,435"
"242","241.","16.15 sq mi","Gilroy, CA / 50,776"
"243","242.","16.14 sq mi","Sea Ranch, CA / 983"
"244","243.","16.12 sq mi","Vista Santa Rosa, CA / 2,815"
"245","244.","16.04 sq mi","West Covina, CA / 107,441"
"246","245.","15.93 sq mi","Lake Mathews, CA / 5,518"
"247","246.","15.85 sq mi","Oakley, CA / 37,391"
"248","247.","15.79 sq mi","Madera, CA / 62,559"
"249","248.","15.65 sq mi","Costa Mesa, CA / 111,635"
"250","249.","15.62 sq mi","Upland, CA / 75,089"
"251","250.","15.33 sq mi","Lebec, CA / 1,333"
"252","251.","15.32 sq mi","Colton, CA / 53,129"
"253","252.","15.30 sq mi","Woodland, CA / 56,390"
"254","253.","15.22 sq mi","Lafayette, CA / 24,685"
"255","254.","15.13 sq mi","Georgetown, CA / 2,458"
"256","255.","15.12 sq mi","Oak Glen, CA / 694"
"257","256.","15.11 sq mi","Taft, CA / 9,063"
"258","257.","15.04 sq mi","San Dimas, CA / 33,896"
"259","258.","14.91 sq mi","Dublin, CA / 49,694"
"260","259.","14.88 sq mi","Diamond Bar, CA / 56,259"
"261","260.","14.85 sq mi","Nipomo, CA / 17,115"
"262","261.","14.85 sq mi","Calimesa, CA / 8,143"
"263","262.","14.83 sq mi","Laguna Niguel, CA / 64,299"
"264","263.","14.79 sq mi","Arnold, CA / 2,728"
"265","264.","14.79 sq mi","Brentwood, CA / 54,062"
"266","265.","14.65 sq mi","Whittier, CA / 86,400"
"267","266.","14.58 sq mi","Yuba City, CA / 65,141"
"268","267.","14.43 sq mi","El Cajon, CA / 101,582"
"269","268.","14.38 sq mi","Petaluma, CA / 58,912"
"270","269.","14.32 sq mi","Indian Wells, CA / 5,089"
"271","270.","14.30 sq mi","Delano, CA / 52,883"
"272","271.","14.23 sq mi","Citrus Heights, CA / 84,678"
"273","272.","14.12 sq mi","San Juan Capistrano, CA / 35,562"
"274","273.","14.01 sq mi","Magalia, CA / 11,467"
"275","274.","13.96 sq mi","Norco, CA / 27,143"
"276","275.","13.92 sq mi","Forest Ranch, CA / 1,064"
"277","276.","13.87 sq mi","Newark, CA / 43,635"
"278","277.","13.84 sq mi","Crestline, CA / 9,437"
"279","278.","13.81 sq mi","Round Valley, CA / 436"
"280","279.","13.80 sq mi","Boron, CA / 2,241"
"281","280.","13.76 sq mi","Coleville, CA / 395"
"282","281.","13.76 sq mi","Johnsville, CA / 35"
"283","282.","13.72 sq mi","Idyllwild-Pine Cove, CA / 2,562"
"284","283.","13.61 sq mi","Lodi, CA / 63,158"
"285","284.","13.60 sq mi","Monrovia, CA / 37,035"
"286","285.","13.60 sq mi","Aguanga, CA / 897"
"287","286.","13.59 sq mi","Milpitas, CA / 69,346"
"288","287.","13.53 sq mi","Carmichael, CA / 63,314"
"289","288.","13.46 sq mi","Rancho Palos Verdes, CA / 42,282"
"290","289.","13.42 sq mi","Bangor, CA / 575"
"291","290.","13.39 sq mi","Bonsall, CA / 4,138"
"292","291.","13.38 sq mi","Burnt Ranch, CA / 308"
"293","292.","13.35 sq mi","Claremont, CA / 35,569"
"294","293.","13.34 sq mi","San Leandro, CA / 87,159"
"295","294.","13.21 sq mi","Chilcoot-Vinton, CA / 130"
"296","295.","13.19 sq mi","Janesville, CA / 1,474"
"297","296.","13.08 sq mi","Rowland Heights, CA / 51,597"
"298","297.","12.99 sq mi","Oroville, CA / 16,015"
"299","298.","12.97 sq mi","Dogtown, CA / 2,475"
"300","299.","12.96 sq mi","Rancho Santa Margarita, CA / 48,758"
"301","300.","12.93 sq mi","Benicia, CA / 27,450"
"302","301.","12.90 sq mi","Calabasas, CA / 23,956"
"303","302.","12.88 sq mi","Morgan Hill, CA / 39,875"
"304","303.","12.85 sq mi","Mariposa, CA / 1,524"
"305","304.","12.81 sq mi","Green Valley, CA / 1,022"
"306","305.","12.78 sq mi","San Luis Obispo, CA / 45,911"
"307","306.","12.76 sq mi","Los Osos, CA / 14,778"
"308","307.","12.75 sq mi","North Edwards, CA / 966"
"309","308.","12.74 sq mi","Santa Cruz, CA / 62,045"
"310","309.","12.73 sq mi","Auburn Lake Trails, CA / 3,839"
"311","310.","12.70 sq mi","Thermalito, CA / 6,911"
"312","311.","12.68 sq mi","Orinda, CA / 18,390"
"313","312.","12.66 sq mi","Pacifica, CA / 38,283"
"314","313.","12.58 sq mi","Moorpark, CA / 35,033"
"315","314.","12.56 sq mi","Lake Don Pedro, CA / 995"
"316","315.","12.54 sq mi","Klamath, CA / 955"
"317","316.","12.41 sq mi","Downey, CA / 113,082"
"318","317.","12.38 sq mi","Saratoga, CA / 30,627"
"319","318.","12.37 sq mi","Kernville, CA / 1,354"
"320","319.","12.33 sq mi","French Gulch, CA / 441"
"321","320.","12.25 sq mi","Golden Hills, CA / 8,398"
"322","321.","12.13 sq mi","Martinez, CA / 36,876"
"323","322.","12.13 sq mi","San Mateo, CA / 100,114"
"324","323.","12.11 sq mi","Happy Camp, CA / 1,153"
"325","324.","12.11 sq mi","East Quincy, CA / 2,633"
"326","325.","12.08 sq mi","Brea, CA / 40,443"
"327","326.","12.00 sq mi","Mountain View, CA / 76,741"
"328","327.","11.96 sq mi","Mohawk Vista, CA / 109"
"329","328.","11.95 sq mi","March Arb, CA / 1,129"
"330","329.","11.89 sq mi","Rancho Murieta, CA / 5,804"
"331","330.","11.78 sq mi","Industry, CA / 384"
"332","331.","11.73 sq mi","Woodside, CA / 5,427"
"333","332.","11.68 sq mi","Beckwourth, CA / 290"
"334","333.","11.64 sq mi","Rancho Tehama Reserve, CA / 2,300"
"335","334.","11.60 sq mi","Lompoc, CA / 43,045"
"336","335.","11.60 sq mi","San Martin, CA / 7,081"
"337","336.","11.58 sq mi","Bonadelle Ranchos-Madera Ranchos, CA / 8,503"
"338","337.","11.52 sq mi","Coffee Creek, CA / 132"
"339","338.","11.52 sq mi","Orangevale, CA / 34,449"
"340","339.","11.45 sq mi","Onyx, CA / 599"
"341","340.","11.41 sq mi","Woodcrest, CA / 15,951"
"342","341.","11.41 sq mi","Eastvale, CA / 55,298"
"343","342.","11.29 sq mi","Garnet, CA / 6,380"
"344","343.","11.29 sq mi","Seal Beach, CA / 24,477"
"345","344.","11.26 sq mi","Cupertino, CA / 59,787"
"346","345.","11.23 sq mi","Good Hope, CA / 8,911"
"347","346.","11.19 sq mi","Foresthill, CA / 1,345"
"348","347.","11.18 sq mi","North Shore, CA / 3,184"
"349","348.","11.18 sq mi","Hacienda Heights, CA / 55,179"
"350","349.","11.12 sq mi","Orcutt, CA / 30,266"
"351","350.","11.11 sq mi","Cameron Park, CA / 18,831"
"352","351.","11.08 sq mi","Tustin, CA / 77,765"
"353","352.","11.08 sq mi","El Centro, CA / 43,268"
"354","353.","11.08 sq mi","Los Gatos, CA / 30,163"
"355","354.","11.07 sq mi","Graeagle, CA / 546"
"356","355.","11.04 sq mi","Rainbow, CA / 1,678"
"357","356.","11.01 sq mi","Phoenix Lake, CA / 4,712"
"358","357.","10.99 sq mi","Coarsegold, CA / 1,172"
"359","358.","10.98 sq mi","Shasta, CA / 1,814"
"360","359.","10.93 sq mi","Arcadia, CA / 57,251"
"361","360.","10.92 sq mi","Shasta Lake, CA / 10,143"
"362","361.","10.92 sq mi","Inyokern, CA / 665"
"363","362.","10.87 sq mi","Lockwood, CA / 389"
"364","363.","10.87 sq mi","French Valley, CA / 26,753"
"365","364.","10.83 sq mi","Big River, CA / 1,061"
"366","365.","10.79 sq mi","Fair Oaks, CA / 31,256"
"367","366.","10.69 sq mi","Sun Village, CA / 11,613"
"368","367.","10.67 sq mi","Valley Wells, CA"
"369","368.","10.62 sq mi","Lake Hughes, CA / 469"
"370","369.","10.61 sq mi","Alameda, CA / 75,763"
"371","370.","10.52 sq mi","Buena Park, CA / 82,191"
"372","371.","10.49 sq mi","Searles Valley, CA / 1,597"
"373","372.","10.47 sq mi","Berkeley, CA / 115,688"
"374","373.","10.47 sq mi","Fieldbrook, CA / 812"
"375","374.","10.42 sq mi","Weaverville, CA / 3,294"
"376","375.","10.34 sq mi","Bucks Lake, CA / 14"
"377","376.","10.32 sq mi","Murphys, CA / 1,884"
"378","377.","10.27 sq mi","Lake Nacimiento, CA / 2,497"
"379","378.","10.25 sq mi","Homewood Canyon, CA / 20"
"380","379.","10.20 sq mi","Walnut Grove, CA / 1,137"
"381","380.","10.16 sq mi","South Lake Tahoe, CA / 21,394"
"382","381.","10.13 sq mi","Clearlake, CA / 15,121"
"383","382.","10.12 sq mi","Pine Hills, CA / 3,160"
"384","383.","10.06 sq mi","Harbison Canyon, CA / 4,577"
"385","384.","10.05 sq mi","Westminster, CA / 91,255"
"386","385.","10.05 sq mi","Beale, CA / 1,342"
"387","386.","10.02 sq mi","Ahwahnee, CA / 2,165"
"388","387.","10.01 sq mi","Compton, CA / 97,663"
"389","388.","10.00 sq mi","Little Grass Valley, CA / 2"
"390","389.","10.00 sq mi","Mather, CA / 4,806"
"391","390.","9.99 sq mi","Los Banos, CA / 36,626"
"392","391.","9.98 sq mi","Yreka, CA / 7,675"
"393","392.","9.90 sq mi","Rio Linda, CA / 14,581"
"394","393.","9.89 sq mi","Davis, CA / 66,093"
"395","394.","9.87 sq mi","Tehachapi, CA / 13,818"
"396","395.","9.87 sq mi","Valley Springs, CA / 3,631"
"397","396.","9.87 sq mi","Whitewater, CA / 859"
"398","397.","9.81 sq mi","Interlaken, CA / 6,954"
"399","398.","9.79 sq mi","Menlo Park, CA / 32,792"
"400","399.","9.74 sq mi","Lake Los Angeles, CA / 11,948"
"401","400.","9.73 sq mi","Hidden Valley Lake, CA / 6,168"
"402","401.","9.71 sq mi","Guerneville, CA / 3,775"
"403","402.","9.71 sq mi","Norwalk, CA / 106,455"
"404","403.","9.67 sq mi","Alamo, CA / 15,639"
"405","404.","9.66 sq mi","Challenge-Brownsville, CA / 952"
"406","405.","9.66 sq mi","Keene, CA / 325"
"407","406.","9.66 sq mi","Rubidoux, CA / 34,280"
"408","407.","9.66 sq mi","Azusa, CA / 47,420"
"409","408.","9.56 sq mi","El Monte, CA / 115,243"
"410","409.","9.56 sq mi","Groveland, CA / 725"
"411","410.","9.45 sq mi","Thermal, CA / 3,570"
"412","411.","9.43 sq mi","Moraga, CA / 16,549"
"413","412.","9.43 sq mi","Wasco, CA / 25,865"
"414","413.","9.41 sq mi","Lakewood, CA / 80,926"
"415","414.","9.38 sq mi","Eureka, CA / 27,039"
"416","415.","9.30 sq mi","Trona, CA / 18"
"417","416.","9.26 sq mi","Montecito, CA / 9,444"
"418","417.","9.24 sq mi","Aptos Hills-Larkin Valley, CA / 1,808"
"419","418.","9.24 sq mi","Seaside, CA / 33,729"
"420","419.","9.14 sq mi","South San Francisco, CA / 65,537"
"421","420.","9.10 sq mi","Arcata, CA / 17,679"
"422","421.","9.09 sq mi","Portola Valley, CA / 4,478"
"423","422.","9.08 sq mi","La Mesa, CA / 58,239"
"424","423.","9.07 sq mi","Inglewood, CA / 111,133"
"425","424.","9.02 sq mi","Fountain Valley, CA / 56,440"
"426","425.","9.01 sq mi","Cromberg, CA / 172"
"427","426.","8.99 sq mi","Walnut, CA / 29,822"
"428","427.","8.99 sq mi","Corralitos, CA / 2,812"
"429","428.","8.88 sq mi","Marina, CA / 20,198"
"430","429.","8.87 sq mi","Santa Fe Springs, CA / 16,859"
"431","430.","8.86 sq mi","Ocotillo, CA / 221"
"432","431.","8.85 sq mi","Camp Pendleton North, CA / 6,436"
"433","432.","8.85 sq mi","Laguna Beach, CA / 23,114"
"434","433.","8.84 sq mi","Elverta, CA / 5,547"
"435","434.","8.83 sq mi","North Highlands, CA / 44,899"
"436","435.","8.83 sq mi","Irwindale, CA / 1,530"
"437","436.","8.80 sq mi","Los Altos Hills, CA / 8,244"
"438","437.","8.76 sq mi","West Bishop, CA / 2,865"
"439","438.","8.73 sq mi","Cerritos, CA / 49,599"
"440","439.","8.71 sq mi","Altadena, CA / 44,622"
"441","440.","8.70 sq mi","Florin, CA / 50,791"
"442","441.","8.70 sq mi","Rancho San Diego, CA / 21,514"
"443","442.","8.68 sq mi","Lakeland Village, CA / 11,343"
"444","443.","8.63 sq mi","La Canada Flintridge, CA / 20,477"
"445","444.","8.56 sq mi","Vallecito, CA / 573"
"446","445.","8.55 sq mi","Linda, CA / 18,634"
"447","446.","8.52 sq mi","Meadow Valley, CA / 435"
"448","447.","8.52 sq mi","Lemoore, CA / 24,788"
"449","448.","8.51 sq mi","Cambria, CA / 6,246"
"450","449.","8.47 sq mi","Monterey, CA / 28,053"
"451","450.","8.43 sq mi","La Verne, CA / 31,592"
"452","451.","8.41 sq mi","Santa Monica, CA / 91,619"
"453","452.","8.39 sq mi","Calexico, CA / 39,281"
"454","453.","8.38 sq mi","Plumas Lake, CA / 6,380"
"455","454.","8.38 sq mi","San Andreas, CA / 2,829"
"456","455.","8.38 sq mi","Rancho Calaveras, CA / 5,736"
"457","456.","8.37 sq mi","Knightsen, CA / 1,644"
"458","457.","8.36 sq mi","Ben Lomond, CA / 6,485"
"459","458.","8.36 sq mi","Fairmead, CA / 1,983"
"460","459.","8.36 sq mi","Johnstonville, CA / 1,072"
"461","460.","8.34 sq mi","Bodega Bay, CA / 603"
"462","461.","8.34 sq mi","Lockeford, CA / 3,172"
"463","462.","8.33 sq mi","Montebello, CA / 63,353"
"464","463.","8.32 sq mi","Alta Sierra, CA / 6,902"
"465","464.","8.31 sq mi","Green Valley CDP, CA / 1,217"
"466","465.","8.30 sq mi","Pico Rivera, CA / 63,698"
"467","466.","8.21 sq mi","Shingle Springs, CA / 4,562"
"468","467.","8.14 sq mi","Centerville, CA / 348"
"469","468.","8.14 sq mi","Bloomfield, CA / 373"
"470","469.","8.10 sq mi","Glen Avon, CA / 20,199"
"471","470.","8.09 sq mi","Westhaven-Moonstone, CA / 962"
"472","471.","8.09 sq mi","Cherry Valley, CA / 6,823"
"473","472.","8.05 sq mi","Millville, CA / 861"
"474","473.","8.03 sq mi","Del Monte Forest, CA / 6,439"
"475","474.","8.01 sq mi","Ceres, CA / 46,570"
"476","475.","8.00 sq mi","Mira Loma, CA / 21,930"
"477","476.","7.99 sq mi","Greenville, CA / 950"
"478","477.","7.99 sq mi","June Lake, CA / 589"
"479","478.","7.97 sq mi","Bodfish, CA / 1,961"
"480","479.","7.95 sq mi","Coto De Caza, CA / 14,647"
"481","480.","7.93 sq mi","Susanville, CA / 16,537"
"482","481.","7.93 sq mi","Coronado, CA / 24,333"
"483","482.","7.93 sq mi","Pollock Pines, CA / 6,540"
"484","483.","7.90 sq mi","Goleta, CA / 30,333"
"485","484.","7.88 sq mi","Herald, CA / 1,221"
"486","485.","7.84 sq mi","Olancha, CA / 287"
"487","486.","7.84 sq mi","La Mirada, CA / 49,038"
"488","487.","7.84 sq mi","Julian, CA / 1,345"
"489","488.","7.80 sq mi","North Auburn, CA / 14,011"
"490","489.","7.79 sq mi","Agoura Hills, CA / 20,630"
"491","490.","7.79 sq mi","Cedar Ridge, CA / 1,132"
"492","491.","7.75 sq mi","Dobbins, CA / 658"
"493","492.","7.75 sq mi","Iron Horse, CA / 343"
"494","493.","7.73 sq mi","Winchester, CA / 2,717"
"495","494.","7.72 sq mi","Templeton, CA / 7,753"
"496","495.","7.68 sq mi","Brawley, CA / 25,478"
"497","496.","7.67 sq mi","Monterey Park, CA / 60,966"
"498","497.","7.66 sq mi","Daly City, CA / 103,897"
"499","498.","7.66 sq mi","Chowchilla, CA / 18,411"
"500","499.","7.63 sq mi","Alhambra, CA / 84,400"
"501","500.","7.56 sq mi","Red Bluff, CA / 14,069"
"502","501.","7.52 sq mi","Loma Linda, CA / 23,648"
"503","502.","7.51 sq mi","Boulder Creek, CA / 4,741"
"504","503.","7.50 sq mi","Hydesville, CA / 1,354"
"505","504.","7.47 sq mi","Olivehurst, CA / 13,928"
"506","505.","7.47 sq mi","Aliso Viejo, CA / 49,437"
"507","506.","7.47 sq mi","Corcoran, CA / 23,634"
"508","507.","7.45 sq mi","East Los Angeles, CA / 127,610"
"509","508.","7.43 sq mi","California Pines, CA / 367"
"510","509.","7.41 sq mi","Linden, CA / 1,948"
"511","510.","7.37 sq mi","La Habra, CA / 61,341"
"512","511.","7.35 sq mi","Tuttletown, CA / 949"
"513","512.","7.29 sq mi","Hollister, CA / 36,067"
"514","513.","7.29 sq mi","Chester, CA / 1,978"
"515","514.","7.28 sq mi","Madera Acres, CA / 9,653"
"516","515.","7.28 sq mi","National City, CA / 59,543"
"517","516.","7.27 sq mi","Brooktrails, CA / 3,589"
"518","517.","7.27 sq mi","Windsor, CA / 27,113"
"519","518.","7.27 sq mi","Loomis, CA / 6,589"
"520","519.","7.26 sq mi","Castaic, CA / 18,619"
"521","520.","7.24 sq mi","Bear Valley CDP, CA / 201"
"522","521.","7.24 sq mi","South Gate, CA / 95,515"
"523","522.","7.21 sq mi","El Sobrante CDP, CA / 14,855"
"524","523.","7.19 sq mi","Lake Riverside, CA / 858"
"525","524.","7.19 sq mi","Twain, CA / 82"
"526","525.","7.17 sq mi","Spring Valley CDP, CA / 29,841"
"527","526.","7.15 sq mi","Pine Valley, CA / 1,554"
"528","527.","7.14 sq mi","Auburn, CA / 13,690"
"529","528.","7.12 sq mi","Cazadero, CA / 312"
"530","529.","7.10 sq mi","Covelo, CA / 1,444"
"531","530.","7.07 sq mi","Pleasant Hill, CA / 33,842"
"532","531.","7.05 sq mi","Fort Irwin, CA / 9,191"
"533","532.","7.03 sq mi","Covina, CA / 48,429"
"534","533.","7.00 sq mi","Rohnert Park, CA / 41,352"
"535","534.","7.00 sq mi","Bootjack, CA / 959"
"536","535.","7.00 sq mi","Dixon, CA / 18,718"
"537","536.","6.97 sq mi","Pine Grove, CA / 1,865"
"538","537.","6.96 sq mi","Mecca, CA / 8,912"
"539","538.","6.93 sq mi","Buttonwillow, CA / 1,371"
"540","539.","6.90 sq mi","Lakeside, CA / 21,079"
"541","540.","6.87 sq mi","Valle Vista, CA / 15,995"
"542","541.","6.86 sq mi","Santa Rosa Valley, CA / 3,422"
"543","542.","6.86 sq mi","Meadowbrook, CA / 3,447"
"544","543.","6.85 sq mi","Casa De Oro-Mount Helix, CA / 21,076"
"545","544.","6.84 sq mi","Antelope, CA / 47,798"
"546","545.","6.77 sq mi","Nuevo, CA / 7,345"
"547","546.","6.76 sq mi","Clay, CA / 1,153"
"548","547.","6.75 sq mi","Trowbridge, CA / 184"
"549","548.","6.72 sq mi","Rancho Santa Fe, CA / 2,838"
"550","549.","6.71 sq mi","Greenhorn, CA / 182"
"551","550.","6.69 sq mi","Rio Vista, CA / 7,646"
"552","551.","6.69 sq mi","Duarte, CA / 21,676"
"553","552.","6.69 sq mi","Watsonville, CA / 52,085"
"554","553.","6.67 sq mi","North Tustin, CA / 25,724"
"555","554.","6.67 sq mi","Laguna Hills, CA / 30,768"
"556","555.","6.63 sq mi","Baldwin Park, CA / 76,411"
"557","556.","6.63 sq mi","Grizzly Flats, CA / 771"
"558","557.","6.59 sq mi","Collierville, CA / 1,942"
"559","558.","6.58 sq mi","Hidden Meadows, CA / 3,283"
"560","559.","6.58 sq mi","Cypress, CA / 48,748"
"561","560.","6.57 sq mi","Placentia, CA / 51,860"
"562","561.","6.55 sq mi","Bay Point, CA / 21,586"
"563","562.","6.54 sq mi","Commerce, CA / 12,975"
"564","563.","6.53 sq mi","Rio Oso, CA / 428"
"565","564.","6.53 sq mi","Oildale, CA / 33,879"
"566","565.","6.53 sq mi","Markleeville, CA / 268"
"567","566.","6.53 sq mi","Crest, CA / 2,393"
"568","567.","6.50 sq mi","Dana Point, CA / 33,861"
"569","568.","6.49 sq mi","Byron, CA / 1,305"
"570","569.","6.49 sq mi","Los Altos, CA / 29,762"
"571","570.","6.48 sq mi","Hartley, CA / 2,458"
"572","571.","6.47 sq mi","Dinuba, CA / 22,828"
"573","572.","6.42 sq mi","Half Moon Bay, CA / 11,803"
"574","573.","6.40 sq mi","Inverness, CA / 1,368"
"575","574.","6.37 sq mi","Anderson, CA / 10,066"
"576","575.","6.36 sq mi","Stevenson Ranch, CA / 18,832"
"577","576.","6.35 sq mi","Aptos, CA / 5,872"
"578","577.","6.35 sq mi","Big Bear Lake, CA / 5,104"
"579","578.","6.35 sq mi","Wawona, CA / 167"
"580","579.","6.30 sq mi","Lake California, CA / 2,851"
"581","580.","6.27 sq mi","Forbestown, CA / 450"
"582","581.","6.25 sq mi","Elizabeth Lake, CA / 1,603"
"583","582.","6.22 sq mi","Mentone, CA / 9,388"
"584","583.","6.22 sq mi","Discovery Bay, CA / 14,315"
"585","584.","6.21 sq mi","Hercules, CA / 24,596"
"586","585.","6.20 sq mi","Redondo Beach, CA / 67,511"
"587","586.","6.19 sq mi","Hillsborough, CA / 11,148"
"588","587.","6.16 sq mi","La Habra Heights, CA / 5,398"
"589","588.","6.14 sq mi","Allendale, CA / 1,613"
"590","589.","6.12 sq mi","Coalinga, CA / 17,235"
"591","590.","6.12 sq mi","Jacumba, CA / 77"
"592","591.","6.12 sq mi","Bellflower, CA / 77,521"
"593","592.","6.11 sq mi","Doyle, CA / 382"
"594","593.","6.09 sq mi","Gold Mountain, CA / 22"
"595","594.","6.09 sq mi","Atwater, CA / 28,686"
"596","595.","6.08 sq mi","Hawthorne, CA / 85,889"
"597","596.","6.06 sq mi","Yankee Hill, CA / 242"
"598","597.","6.06 sq mi","Wofford Heights, CA / 2,043"
"599","598.","6.04 sq mi","Oakdale, CA / 21,260"
"600","599.","6.04 sq mi","Mcswain, CA / 4,531"
"601","600.","6.02 sq mi","Lytle Creek, CA / 1,127"
"602","601.","6.01 sq mi","Avila Beach, CA / 1,166"
"603","602.","6.00 sq mi","Oakhurst, CA / 2,482"
"604","603.","5.99 sq mi","Bloomington, CA / 25,228"
"605","604.","5.96 sq mi","Columbia, CA / 2,456"
"606","605.","5.95 sq mi","Patterson, CA / 20,736"
"607","606.","5.93 sq mi","Galt, CA / 24,280"
"608","607.","5.93 sq mi","Wrightwood, CA / 4,452"
"609","608.","5.87 sq mi","Buckhorn, CA / 2,503"
"610","609.","5.86 sq mi","Minkler, CA / 1,066"
"611","610.","5.86 sq mi","Imperial, CA / 15,782"
"612","611.","5.84 sq mi","Red Corral, CA / 1,601"
"613","612.","5.84 sq mi","Arroyo Grande, CA / 17,536"
"614","613.","5.83 sq mi","Shelter Cove, CA / 516"
"615","614.","5.83 sq mi","Gardena, CA / 59,682"
"616","615.","5.83 sq mi","Bolinas, CA / 1,403"
"617","616.","5.82 sq mi","Kennedy Meadows, CA / 37"
"618","617.","5.82 sq mi","Lake City, CA / 35"
"619","618.","5.81 sq mi","Placerville, CA / 10,415"
"620","619.","5.80 sq mi","Blackhawk, CA / 9,297"
"621","620.","5.80 sq mi","Campbell, CA / 40,327"
"622","621.","5.80 sq mi","Flournoy, CA / 143"
"623","622.","5.74 sq mi","Hasley Canyon, CA / 1,296"
"624","623.","5.73 sq mi","Big Bend, CA / 87"
"625","624.","5.73 sq mi","Wilkerson, CA / 550"
"626","625.","5.73 sq mi","Lucas Valley-Marinwood, CA / 6,168"
"627","626.","5.71 sq mi","Beverly Hills, CA / 34,536"
"628","627.","5.66 sq mi","Forest Meadows, CA / 1,674"
"629","628.","5.65 sq mi","Timber Cove, CA / 132"
"630","629.","5.58 sq mi","Deer Park, CA / 1,072"
"631","630.","5.56 sq mi","Bethel Island, CA / 2,158"
"632","631.","5.55 sq mi","Lost Hills, CA / 2,194"
"633","632.","5.54 sq mi","Boonville, CA / 1,090"
"634","633.","5.54 sq mi","San Carlos, CA / 29,166"
"635","634.","5.52 sq mi","Sanger, CA / 24,587"
"636","635.","5.52 sq mi","Montclair, CA / 37,685"
"637","636.","5.50 sq mi","La Presa, CA / 34,739"
"638","637.","5.49 sq mi","Bertsch-Oceanview, CA / 2,568"
"639","638.","5.48 sq mi","San Bruno, CA / 42,090"
"640","639.","5.46 sq mi","El Segundo, CA / 16,839"
"641","640.","5.44 sq mi","Williams, CA / 5,166"
"642","641.","5.44 sq mi","Cedarville, CA / 297"
"643","642.","5.44 sq mi","Camanche Village, CA / 840"
"644","643.","5.44 sq mi","Westwood, CA / 1,509"
"645","644.","5.43 sq mi","Waterloo, CA / 384"
"646","645.","5.42 sq mi","Mono City, CA / 67"
"647","646.","5.41 sq mi","Portola, CA / 2,710"
"648","647.","5.38 sq mi","Lake Davis, CA / 45"
"649","648.","5.37 sq mi","Laytonville, CA / 1,227"
"650","649.","5.34 sq mi","South Whittier, CA / 58,328"
"651","650.","5.33 sq mi","Lookout, CA / 67"
"652","651.","5.32 sq mi","Pinole, CA / 18,754"
"653","652.","5.32 sq mi","Salida, CA / 14,509"
"654","653.","5.31 sq mi","Larkfield-Wikiup, CA / 8,831"
"655","654.","5.30 sq mi","Ripon, CA / 14,645"
"656","655.","5.30 sq mi","Morro Bay, CA / 10,383"
"657","656.","5.30 sq mi","La Selva Beach, CA / 2,932"
"658","657.","5.30 sq mi","Meridian, CA / 438"
"659","658.","5.29 sq mi","Milford, CA / 116"
"660","659.","5.29 sq mi","Oak Park, CA / 14,512"
"661","660.","5.28 sq mi","Meadow Vista, CA / 3,072"
"662","661.","5.26 sq mi","Forestville, CA / 3,461"
"663","662.","5.25 sq mi","Vandenberg Village, CA / 7,133"
"664","663.","5.23 sq mi","Trinity Center, CA / 239"
"665","664.","5.23 sq mi","Dunnigan, CA / 1,017"
"666","665.","5.22 sq mi","Clearlake Riviera, CA / 2,912"
"667","666.","5.22 sq mi","Lee Vining, CA / 234"
"668","667.","5.21 sq mi","East Hemet, CA / 18,188"
"669","668.","5.21 sq mi","China Lake Acres, CA / 1,376"
"670","669.","5.20 sq mi","Burney, CA / 3,172"
"671","670.","5.19 sq mi","Westlake Village, CA / 8,393"
"672","671.","5.17 sq mi","Silver Lakes, CA / 5,706"
"673","672.","5.16 sq mi","Kenwood, CA / 1,075"
"674","673.","5.16 sq mi","Rosemead, CA / 54,457"
"675","674.","5.16 sq mi","Bear Valley, CA / 43"
"676","675.","5.14 sq mi","Selma, CA / 23,808"
"677","676.","5.14 sq mi","Santa Ynez, CA / 4,909"
"678","677.","5.11 sq mi","Diablo Grande, CA / 1,083"
"679","678.","5.11 sq mi","Culver City, CA / 39,353"
"680","679.","5.08 sq mi","Reedley, CA / 24,858"
"681","680.","5.08 sq mi","Pedley, CA / 12,672"
"682","681.","5.07 sq mi","Fairbanks Ranch, CA / 3,245"
"683","682.","5.07 sq mi","Oak Shores, CA / 147"
"684","683.","5.06 sq mi","Frazier Park, CA / 2,730"
"685","684.","5.03 sq mi","Tobin, CA / 12"
"686","685.","5.02 sq mi","Sierraville, CA / 133"
"687","686.","5.02 sq mi","Atherton, CA / 7,034"
"688","687.","5.00 sq mi","Bonita, CA / 13,864"
"689","688.","4.99 sq mi","Saint Helena, CA / 5,895"
"690","689.","4.98 sq mi","Cobb, CA / 1,147"
"691","690.","4.98 sq mi","Lucerne, CA / 3,318"
"692","691.","4.97 sq mi","Vernon, CA / 59"
"693","692.","4.97 sq mi","Occidental, CA / 1,155"
"694","693.","4.93 sq mi","Spring Valley, CA / 1,000"
"695","694.","4.90 sq mi","Ladera Ranch, CA / 26,010"
"696","695.","4.88 sq mi","Benbow, CA / 314"
"697","696.","4.88 sq mi","Mesa Vista, CA / 212"
"698","697.","4.87 sq mi","Cabazon, CA / 3,266"
"699","698.","4.87 sq mi","Independence, CA / 681"
"700","699.","4.85 sq mi","Fortuna, CA / 11,863"
"701","700.","4.84 sq mi","Lynwood, CA / 70,789"
"702","701.","4.84 sq mi","American Canyon, CA / 20,089"
"703","702.","4.83 sq mi","Angwin, CA / 3,583"
"704","703.","4.82 sq mi","El Granada, CA / 5,377"
"705","704.","4.82 sq mi","Arvin, CA / 20,028"
"706","705.","4.81 sq mi","Elkhorn, CA / 1,342"
"707","706.","4.79 sq mi","Weed, CA / 2,937"
"708","707.","4.77 sq mi","Palos Verdes Estates, CA / 13,568"
"709","708.","4.77 sq mi","East Oakdale, CA / 2,901"
"710","709.","4.76 sq mi","Ione, CA / 7,318"
"711","710.","4.76 sq mi","Mill Valley, CA / 14,178"
"712","711.","4.76 sq mi","Eucalyptus Hills, CA / 5,352"
"713","712.","4.76 sq mi","Gasquet, CA / 500"
"714","713.","4.75 sq mi","Orick, CA / 281"
"715","714.","4.74 sq mi","Grass Valley, CA / 12,861"
"716","715.","4.74 sq mi","Aromas, CA / 2,677"
"717","716.","4.73 sq mi","Paramount, CA / 54,813"
"718","717.","4.70 sq mi","Lakehead, CA / 493"
"719","718.","4.69 sq mi","Lexington Hills, CA / 2,367"
"720","719.","4.67 sq mi","Ukiah, CA / 15,956"
"721","720.","4.64 sq mi","Tamalpais-Homestead Valley, CA / 10,331"
"722","721.","4.64 sq mi","Fiddletown, CA / 86"
"723","722.","4.62 sq mi","Belmont, CA / 26,503"
"724","723.","4.60 sq mi","Esparto, CA / 3,229"
"725","724.","4.60 sq mi","Soquel, CA / 10,275"
"726","725.","4.59 sq mi","Scotts Valley, CA / 11,711"
"727","726.","4.59 sq mi","Santa Paula, CA / 29,990"
"728","727.","4.59 sq mi","Lamont, CA / 16,359"
"729","728.","4.59 sq mi","East Nicolaus, CA / 251"
"730","729.","4.59 sq mi","Geyserville, CA / 879"
"731","730.","4.57 sq mi","Mira Monte, CA / 7,306"
"732","731.","4.56 sq mi","Santa Nella, CA / 1,164"
"733","732.","4.55 sq mi","Felton, CA / 3,957"
"734","733.","4.50 sq mi","Avery, CA / 674"
"735","734.","4.46 sq mi","Swall Meadows, CA / 259"
"736","735.","4.46 sq mi","La Porte, CA / 12"
"737","736.","4.46 sq mi","Healdsburg, CA / 11,466"
"738","737.","4.45 sq mi","Port Hueneme, CA / 21,949"
"739","738.","4.45 sq mi","Tiburon, CA / 9,100"
"740","739.","4.43 sq mi","Winter Gardens, CA / 20,346"
"741","740.","4.41 sq mi","Soledad, CA / 26,008"
"742","741.","4.41 sq mi","Burlingame, CA / 29,618"
"743","742.","4.39 sq mi","Ojai, CA / 7,558"
"744","743.","4.37 sq mi","Volta, CA / 257"
"745","744.","4.36 sq mi","Kirkwood, CA / 98"
"746","745.","4.35 sq mi","Paradise CDP, CA / 235"
"747","746.","4.35 sq mi","Woodville, CA / 1,961"
"748","747.","4.35 sq mi","Rosemont, CA / 22,824"
"749","748.","4.34 sq mi","Mesa Verde, CA / 1,004"
"750","749.","4.33 sq mi","Wallace, CA / 682"
"751","750.","4.32 sq mi","Pioneer, CA / 1,237"
"752","751.","4.29 sq mi","Pike, CA / 126"
"753","752.","4.27 sq mi","Homeland, CA / 5,921"
"754","753.","4.25 sq mi","Lagunitas-Forest Knolls, CA / 2,007"
"755","754.","4.25 sq mi","La Honda, CA / 741"
"756","755.","4.24 sq mi","Crescent Mills, CA / 426"
"757","756.","4.24 sq mi","Quincy, CA / 1,439"
"758","757.","4.24 sq mi","Honcut, CA / 145"
"759","758.","4.22 sq mi","Coulterville, CA / 227"
"760","759.","4.21 sq mi","Lemoore Station, CA / 6,913"
"761","760.","4.20 sq mi","Running Springs, CA / 4,833"
"762","761.","4.20 sq mi","Foothill Farms, CA / 33,024"
"763","762.","4.18 sq mi","Springville, CA / 502"
"764","763.","4.17 sq mi","Verdi, CA / 92"
"765","764.","4.16 sq mi","Imperial Beach, CA / 26,857"
"766","765.","4.15 sq mi","Humboldt Hill, CA / 3,704"
"767","766.","4.14 sq mi","San Gabriel, CA / 40,173"
"768","767.","4.14 sq mi","Pearsonville, CA / 23"
"769","768.","4.12 sq mi","Valley Acres, CA / 717"
"770","769.","4.11 sq mi","Suisun, CA / 28,627"
"771","770.","4.09 sq mi","Riverbank, CA / 23,310"
"772","771.","4.05 sq mi","Mcclellan Park, CA / 1,103"
"773","772.","4.05 sq mi","Los Alamitos, CA / 11,598"
"774","773.","4.03 sq mi","Potter Valley, CA / 509"
"775","774.","4.03 sq mi","Pescadero, CA / 1,046"
"776","775.","4.03 sq mi","Monument Hills, CA / 1,469"
"777","776.","4.02 sq mi","Penngrove, CA / 2,928"
"778","777.","4.01 sq mi","Trinity Village, CA / 211"
"779","778.","4.01 sq mi","Mcgee Creek, CA / 125"
"780","779.","4.01 sq mi","Temple City, CA / 36,006"
"781","780.","3.98 sq mi","Plumas Eureka (Historical), CA / 265"
"782","781.","3.97 sq mi","Smith River, CA / 871"
"783","782.","3.94 sq mi","Litchfield, CA / 129"
"784","783.","3.94 sq mi","Manhattan Beach, CA / 35,534"
"785","784.","3.93 sq mi","Hilmar-Irwin, CA / 5,266"
"786","785.","3.93 sq mi","Canyon Lake, CA / 10,810"
"787","786.","3.93 sq mi","Riverdale, CA / 3,881"
"788","787.","3.91 sq mi","Camp Pendleton South, CA / 12,691"
"789","788.","3.90 sq mi","Boulevard, CA / 434"
"790","789.","3.88 sq mi","Lemon Grove, CA / 25,963"
"791","790.","3.88 sq mi","Montara, CA / 2,880"
"792","791.","3.87 sq mi","Los Alamos, CA / 1,166"
"793","792.","3.85 sq mi","Brookdale, CA / 2,204"
"794","793.","3.84 sq mi","North Lakeport, CA / 2,676"
"795","794.","3.84 sq mi","King City, CA / 13,171"
"796","795.","3.84 sq mi","Clayton, CA / 11,328"
"797","796.","3.80 sq mi","Cantua Creek, CA / 440"
"798","797.","3.77 sq mi","San Marino, CA / 13,294"
"799","798.","3.77 sq mi","Mount Shasta, CA / 3,331"
"800","799.","3.76 sq mi","Willowbrook, CA / 20,897"
"801","800.","3.76 sq mi","Quartz Hill, CA / 11,002"
"802","801.","3.76 sq mi","Foster City, CA / 31,809"
"803","802.","3.75 sq mi","Rodeo, CA / 9,648"
"804","803.","3.73 sq mi","Jackson, CA / 4,616"
"805","804.","3.72 sq mi","West Point, CA / 743"
"806","805.","3.72 sq mi","Calipatria, CA / 7,599"
"807","806.","3.72 sq mi","Livingston, CA / 13,461"
"808","807.","3.70 sq mi","Twain Harte, CA / 2,374"
"809","808.","3.69 sq mi","Drytown, CA / 148"
"810","809.","3.69 sq mi","El Cerrito, CA / 24,136"
"811","810.","3.68 sq mi","Palo Cedro, CA / 1,626"
"812","811.","3.68 sq mi","Dustin Acres, CA / 295"
"813","812.","3.66 sq mi","Santa Venetia, CA / 5,017"
"814","813.","3.65 sq mi","Dorrington, CA / 349"
"815","814.","3.64 sq mi","Mabie, CA / 52"
"816","815.","3.63 sq mi","Angels, CA / 3,782"
"817","816.","3.62 sq mi","Bell Canyon, CA / 2,289"
"818","817.","3.62 sq mi","Point Reyes Station, CA / 848"
"819","818.","3.60 sq mi","Pismo Beach, CA / 7,789"
"820","819.","3.60 sq mi","Tres Pinos, CA / 457"
"821","820.","3.58 sq mi","Derby Acres, CA / 324"
"822","821.","3.58 sq mi","Florence-Graham, CA / 62,815"
"823","822.","3.57 sq mi","Toro Canyon, CA / 1,476"
"824","823.","3.57 sq mi","Rolling Hills Estates, CA / 8,184"
"825","824.","3.57 sq mi","Aspen Springs, CA / 54"
"826","825.","3.56 sq mi","Weedpatch, CA / 2,170"
"827","826.","3.55 sq mi","Corning, CA / 7,617"
"828","827.","3.54 sq mi","Norris Canyon, CA / 1,227"
"829","828.","3.52 sq mi","Hopland, CA / 587"
"830","829.","3.52 sq mi","Lake Of The Woods, CA / 539"
"831","830.","3.52 sq mi","Solana Beach, CA / 13,146"
"832","831.","3.51 sq mi","Anchor Bay, CA / 254"
"833","832.","3.51 sq mi","Delhi, CA / 9,918"
"834","833.","3.50 sq mi","Mesa, CA / 442"
"835","834.","3.50 sq mi","Grand Terrace, CA / 12,252"
"836","835.","3.48 sq mi","La Puente, CA / 40,342"
"837","836.","3.46 sq mi","Marysville, CA / 12,144"
"838","837.","3.46 sq mi","Firebaugh, CA / 7,935"
"839","838.","3.44 sq mi","Kings Beach, CA / 3,384"
"840","839.","3.44 sq mi","Adin, CA / 215"
"841","840.","3.43 sq mi","Paynes Creek, CA / 41"
"842","841.","3.43 sq mi","La Crescenta-Montrose, CA / 20,241"
"843","842.","3.41 sq mi","South Pasadena, CA / 25,914"
"844","843.","3.39 sq mi","Lodoga, CA / 147"
"845","844.","3.38 sq mi","Sunnyside-Tahoe City, CA / 1,845"
"846","845.","3.38 sq mi","Keswick, CA / 410"
"847","846.","3.37 sq mi","Lompico, CA / 900"
"848","847.","3.36 sq mi","Fillmore, CA / 15,203"
"849","848.","3.36 sq mi","Dixon Lane-Meadow Creek, CA / 2,447"
"850","849.","3.36 sq mi","Coloma, CA / 761"
"851","850.","3.34 sq mi","Pine Canyon, CA / 2,243"
"852","851.","3.33 sq mi","Spaulding, CA / 197"
"853","852.","3.32 sq mi","Patton Village, CA / 592"
"854","853.","3.29 sq mi","El Nido, CA / 412"
"855","854.","3.28 sq mi","College City, CA / 196"
"856","855.","3.28 sq mi","Mendota, CA / 11,360"
"857","856.","3.26 sq mi","Lakeview, CA / 1,723"
"858","857.","3.25 sq mi","Montgomery Creek, CA / 123"
"859","858.","3.25 sq mi","Taylorsville, CA / 185"
"860","859.","3.25 sq mi","Millbrae, CA / 22,177"
"861","860.","3.24 sq mi","Live Oak CDP, CA / 17,494"
"862","861.","3.23 sq mi","Kerman, CA / 14,110"
"863","862.","3.22 sq mi","Highgrove, CA / 4,067"
"864","863.","3.20 sq mi","Fort Bidwell, CA / 161"
"865","864.","3.19 sq mi","Mountain House, CA / 12,088"
"866","865.","3.18 sq mi","Downieville, CA / 233"
"867","866.","3.17 sq mi","Rough And Ready, CA / 1,195"
"868","867.","3.17 sq mi","Crows Landing, CA / 194"
"869","868.","3.16 sq mi","Corte Madera, CA / 9,478"
"870","869.","3.15 sq mi","Stanton, CA / 38,455"
"871","870.","3.15 sq mi","Potrero, CA / 693"
"872","871.","3.14 sq mi","Muscoy, CA / 11,674"
"873","872.","3.14 sq mi","French Camp, CA / 4,155"
"874","873.","3.14 sq mi","Nicolaus, CA / 205"
"875","874.","3.14 sq mi","Lake Sherwood, CA / 1,526"
"876","875.","3.12 sq mi","Laguna Woods, CA / 16,302"
"877","876.","3.11 sq mi","Pixley, CA / 3,769"
"878","877.","3.10 sq mi","Allensworth, CA / 480"
"879","878.","3.10 sq mi","Cayucos, CA / 2,553"
"880","879.","3.10 sq mi","Brisbane, CA / 4,421"
"881","880.","3.08 sq mi","Mokelumne Hill, CA / 635"
"882","881.","3.07 sq mi","Topaz, CA / 123"
"883","882.","3.06 sq mi","Sonora, CA / 4,844"
"884","883.","3.06 sq mi","Nipinnawasee, CA / 729"
"885","884.","3.06 sq mi","Lake Wildwood, CA / 5,293"
"886","885.","3.06 sq mi","Lakeport, CA / 4,746"
"887","886.","3.04 sq mi","Winton, CA / 11,774"
"888","887.","3.04 sq mi","Lake Almanor Peninsula, CA / 470"
"889","888.","3.04 sq mi","Sutter, CA / 2,959"
"890","889.","3.03 sq mi","Larkspur, CA / 12,131"
"891","890.","3.03 sq mi","Kentfield, CA / 6,667"
"892","891.","3.02 sq mi","Ballico, CA / 333"
"893","892.","3.01 sq mi","Woodbridge, CA / 3,973"
"894","893.","3.01 sq mi","Huntington Park, CA / 58,787"
"895","894.","3.01 sq mi","Easton, CA / 1,991"
"896","895.","3.01 sq mi","Soulsbyville, CA / 2,020"
"897","896.","3.00 sq mi","Rio Del Mar, CA / 9,240"
"898","897.","2.99 sq mi","Jamestown, CA / 3,394"
"899","898.","2.99 sq mi","Caspar, CA / 599"
"900","899.","2.99 sq mi","Amesti, CA / 3,213"
"901","900.","2.99 sq mi","Rolling Hills, CA / 1,689"
"902","901.","2.99 sq mi","Sleepy Hollow, CA / 2,584"
"903","902.","2.98 sq mi","Dillon Beach, CA / 82"
"904","903.","2.98 sq mi","Morada, CA / 4,573"
"905","904.","2.98 sq mi","East Porterville, CA / 6,585"
"906","905.","2.97 sq mi","Orland, CA / 7,451"
"907","906.","2.97 sq mi","Spring Valley Lake, CA / 7,816"
"908","907.","2.97 sq mi","Ladera Heights, CA / 7,362"
"909","908.","2.96 sq mi","South Oroville, CA / 6,058"
"910","909.","2.95 sq mi","Big Pine, CA / 1,612"
"911","910.","2.95 sq mi","Rackerby, CA / 139"
"912","911.","2.95 sq mi","Sierra Madre, CA / 11,060"
"913","912.","2.95 sq mi","Bermuda Dunes, CA / 7,719"
"914","913.","2.95 sq mi","Shandon, CA / 1,323"
"915","914.","2.94 sq mi","Avalon, CA / 3,768"
"916","915.","2.92 sq mi","Bend, CA / 641"
"917","916.","2.91 sq mi","Winters, CA / 6,843"
"918","917.","2.91 sq mi","Guinda, CA / 599"
"919","918.","2.90 sq mi","Bodega, CA / 156"
"920","919.","2.90 sq mi","Stonyford, CA / 283"
"921","920.","2.88 sq mi","Kelseyville, CA / 3,516"
"922","921.","2.88 sq mi","Artois, CA / 194"
"923","922.","2.88 sq mi","Long Barn, CA / 291"
"924","923.","2.86 sq mi","Pacific Grove, CA / 15,365"
"925","924.","2.85 sq mi","Granite Hills, CA / 3,438"
"926","925.","2.85 sq mi","Willows, CA / 6,118"
"927","926.","2.84 sq mi","South El Monte, CA / 20,375"
"928","927.","2.84 sq mi","Mono Vista, CA / 1,979"
"929","928.","2.83 sq mi","Davenport, CA / 303"
"930","929.","2.83 sq mi","Los Ranchos, CA / 1,676"
"931","930.","2.83 sq mi","Keyes, CA / 6,364"
"932","931.","2.83 sq mi","Kingsburg, CA / 11,582"
"933","932.","2.82 sq mi","Piru, CA / 2,078"
"934","933.","2.81 sq mi","Mortmar, CA / 172"
"935","934.","2.81 sq mi","Crowley Lake, CA / 707"
"936","935.","2.80 sq mi","Alpine Village, CA / 105"
"937","936.","2.80 sq mi","Willits, CA / 4,853"
"938","937.","2.78 sq mi","Mi Wuk Village, CA / 1,069"
"939","938.","2.77 sq mi","Delleker, CA / 798"
"940","939.","2.77 sq mi","El Sobrante, CA / 13,122"
"941","940.","2.76 sq mi","Fairview, CA / 9,852"
"942","941.","2.76 sq mi","San Lorenzo, CA / 24,563"
"943","942.","2.75 sq mi","Fort Bragg, CA / 7,274"
"944","943.","2.74 sq mi","Lake Almanor Country Club, CA / 530"
"945","944.","2.74 sq mi","Sonoma, CA / 10,818"
"946","945.","2.74 sq mi","Redwood Valley, CA / 1,814"
"947","946.","2.73 sq mi","Stanford, CA / 13,506"
"948","947.","2.73 sq mi","Zayante, CA / 853"
"949","948.","2.72 sq mi","Terra Bella, CA / 2,912"
"950","949.","2.72 sq mi","Tahoe Vista, CA / 1,332"
"951","950.","2.71 sq mi","Avocado Heights, CA / 15,432"
"952","951.","2.71 sq mi","Garberville, CA / 1,061"
"953","952.","2.70 sq mi","Leggett, CA / 54"
"954","953.","2.69 sq mi","Baker, CA / 916"
"955","954.","2.69 sq mi","Black Point-Green Point, CA / 1,111"
"956","955.","2.68 sq mi","San Anselmo, CA / 12,527"
"957","956.","2.67 sq mi","Desert Palms, CA / 6,776"
"958","957.","2.67 sq mi","Mcfarland, CA / 12,784"
"959","958.","2.67 sq mi","Lower Lake, CA / 1,620"
"960","959.","2.66 sq mi","C-Road, CA / 213"
"961","960.","2.65 sq mi","Cloverdale, CA / 8,692"
"962","961.","2.64 sq mi","Romoland, CA / 1,682"
"963","962.","2.64 sq mi","Valley Ford, CA / 167"
"964","963.","2.64 sq mi","Gold River, CA / 7,658"
"965","964.","2.63 sq mi","San Pablo, CA / 29,516"
"966","965.","2.62 sq mi","Manchester, CA / 193"
"967","966.","2.62 sq mi","Mckittrick, CA / 112"
"968","967.","2.61 sq mi","Lindsay, CA / 12,688"
"969","968.","2.60 sq mi","Calistoga, CA / 5,244"
"970","969.","2.59 sq mi","Robbins, CA / 355"
"971","970.","2.59 sq mi","Tahoma, CA / 959"
"972","971.","2.59 sq mi","Fall River Mills, CA / 712"
"973","972.","2.59 sq mi","Garden Acres, CA / 11,172"
"974","973.","2.59 sq mi","Carpinteria, CA / 13,323"
"975","974.","2.57 sq mi","Ridgemark, CA / 3,471"
"976","975.","2.57 sq mi","Val Verde, CA / 2,550"
"977","976.","2.56 sq mi","Pajaro Dunes, CA / 269"
"978","977.","2.56 sq mi","Sutter Creek, CA / 2,271"
"979","978.","2.55 sq mi","El Cerrito CDP, CA / 5,551"
"980","979.","2.55 sq mi","Grayson, CA / 888"
"981","980.","2.54 sq mi","Farmington, CA / 124"
"982","981.","2.54 sq mi","Calpella, CA / 424"
"983","982.","2.53 sq mi","Fowler, CA / 5,908"
"984","983.","2.53 sq mi","Whitehawk, CA / 41"
"985","984.","2.53 sq mi","Peters, CA / 523"
"986","985.","2.52 sq mi","Sierra Village, CA / 612"
"987","986.","2.52 sq mi","West Whittier-Los Nietos, CA / 26,590"
"988","987.","2.51 sq mi","Los Berros, CA / 908"
"989","988.","2.51 sq mi","East Palo Alto, CA / 28,920"
"990","989.","2.50 sq mi","Bell, CA / 35,896"
"991","990.","2.48 sq mi","East Sonora, CA / 2,168"
"992","991.","2.46 sq mi","Exeter, CA / 10,468"
"993","992.","2.46 sq mi","Los Olivos, CA / 913"
"994","993.","2.46 sq mi","Bell Gardens, CA / 42,712"
"995","994.","2.46 sq mi","San Antonio Heights, CA / 3,097"
"996","995.","2.45 sq mi","Orosi, CA / 8,620"
"997","996.","2.43 sq mi","Alturas, CA / 2,714"
"998","997.","2.43 sq mi","Alderpoint, CA / 255"
"999","998.","2.43 sq mi","Solvang, CA / 5,345"
"1000","999.","2.42 sq mi","Mccloud, CA / 1,111"
"1001","1000.","2.42 sq mi","North San Juan, CA / 281"
"1002","1001.","2.42 sq mi","Parkway, CA / 14,756"
"1003","1002.","2.41 sq mi","Johannesburg, CA / 79"
"1004","1003.","2.41 sq mi","Newell, CA / 429"
"1005","1004.","2.39 sq mi","Newcastle, CA / 1,409"
"1006","1005.","2.38 sq mi","Alta, CA / 369"
"1007","1006.","2.37 sq mi","San Fernando, CA / 24,050"
"1008","1007.","2.36 sq mi","Reliez Valley, CA / 3,677"
"1009","1008.","2.34 sq mi","Martell, CA / 94"
"1010","1009.","2.33 sq mi","Tuolumne City, CA / 1,824"
"1011","1010.","2.33 sq mi","Waterford, CA / 8,579"
"1012","1011.","2.31 sq mi","Cottonwood, CA / 4,178"
"1013","1012.","2.31 sq mi","Grover Beach, CA / 13,337"
"1014","1013.","2.31 sq mi","Camanche North Shore, CA / 947"
"1015","1014.","2.30 sq mi","Escalon, CA / 7,252"
"1016","1015.","2.29 sq mi","Lake Almanor West, CA / 263"
"1017","1016.","2.29 sq mi","Callender, CA / 1,537"
"1018","1017.","2.28 sq mi","New Pine Creek, CA / 84"
"1019","1018.","2.28 sq mi","East Foothills, CA / 6,479"
"1020","1019.","2.28 sq mi","Rio Dell, CA / 3,373"
"1021","1020.","2.27 sq mi","Canby, CA / 693"
"1022","1021.","2.27 sq mi","Desert Edge, CA / 4,244"
"1023","1022.","2.27 sq mi","West Carson, CA / 20,766"
"1024","1023.","2.26 sq mi","Grimes, CA / 419"
"1025","1024.","2.26 sq mi","Farmersville, CA / 10,675"
"1026","1025.","2.26 sq mi","Mendocino, CA / 826"
"1027","1026.","2.25 sq mi","Moss Beach, CA / 3,435"
"1028","1027.","2.25 sq mi","Camino, CA / 1,833"
"1029","1028.","2.25 sq mi","Woodlake, CA / 7,452"
"1030","1029.","2.23 sq mi","Sisquoc, CA / 276"
"1031","1030.","2.22 sq mi","Old Station, CA / 52"
"1032","1031.","2.21 sq mi","Lenwood, CA / 3,153"
"1033","1032.","2.20 sq mi","Fairfax, CA / 7,546"
"1034","1033.","2.19 sq mi","Los Molinos, CA / 2,184"
"1035","1034.","2.19 sq mi","Parlier, CA / 14,750"
"1036","1035.","2.19 sq mi","Signal Hill, CA / 11,245"
"1037","1036.","2.19 sq mi","Nevada City, CA / 3,051"
"1038","1037.","2.17 sq mi","Teviston, CA / 1,823"
"1039","1038.","2.15 sq mi","Alhambra Valley, CA / 499"
"1040","1039.","2.15 sq mi","Sierra City, CA / 263"
"1041","1040.","2.15 sq mi","Maxwell, CA / 1,076"
"1042","1041.","2.14 sq mi","Butte Meadows, CA / 34"
"1043","1042.","2.14 sq mi","Greenfield, CA / 16,715"
"1044","1043.","2.13 sq mi","Thornton, CA / 748"
"1045","1044.","2.13 sq mi","Loleta, CA / 661"
"1046","1045.","2.12 sq mi","Penn Valley, CA / 1,599"
"1047","1046.","2.11 sq mi","Jenner, CA / 109"
"1048","1047.","2.11 sq mi","Earlimart, CA / 8,310"
"1049","1048.","2.11 sq mi","Franklin CDP, CA / 33"
"1050","1049.","2.11 sq mi","Nord, CA / 239"
"1051","1050.","2.10 sq mi","Glen Ellen, CA / 614"
"1052","1051.","2.10 sq mi","Newman, CA / 10,553"
"1053","1052.","2.10 sq mi","Myrtletown, CA / 5,225"
"1054","1053.","2.08 sq mi","Villa Park, CA / 5,911"
"1055","1054.","2.07 sq mi","Gridley, CA / 6,566"
"1056","1055.","2.06 sq mi","Yosemite Valley, CA / 877"
"1057","1056.","2.05 sq mi","Goodyears Bar, CA / 23"
"1058","1057.","2.05 sq mi","Sattley, CA / 74"
"1059","1058.","2.04 sq mi","Philo, CA / 317"
"1060","1059.","2.03 sq mi","Clarksburg, CA / 406"
"1061","1060.","2.03 sq mi","Las Flores, CA / 6,311"
"1062","1061.","2.03 sq mi","Warm Springs, CA / 3,163"
"1063","1062.","2.03 sq mi","Cassel, CA / 349"
"1064","1063.","2.02 sq mi","El Rio, CA / 6,785"
"1065","1064.","2.02 sq mi","Caruthers, CA / 3,338"
"1066","1065.","2.02 sq mi","Lanare, CA / 398"
"1067","1066.","2.01 sq mi","Valinda, CA / 23,818"
"1068","1067.","2.01 sq mi","Ivanhoe, CA / 4,044"
"1069","1068.","2.01 sq mi","Franklin, CA / 6,840"
"1070","1069.","1.99 sq mi","Greenacres, CA / 4,949"
"1071","1070.","1.99 sq mi","West Modesto, CA / 5,534"
"1072","1071.","1.98 sq mi","Summerland, CA / 1,575"
"1073","1072.","1.98 sq mi","Denair, CA / 4,892"
"1074","1073.","1.98 sq mi","Mountain Gate, CA / 1,153"
"1075","1074.","1.98 sq mi","Clearlake Oaks, CA / 1,547"
"1076","1075.","1.97 sq mi","Lawndale, CA / 33,155"
"1077","1076.","1.96 sq mi","Crescent City, CA / 7,295"
"1078","1077.","1.96 sq mi","Oak View, CA / 4,347"
"1079","1078.","1.96 sq mi","Bradbury, CA / 845"
"1080","1079.","1.95 sq mi","Kelly Ridge, CA / 2,594"
"1081","1080.","1.95 sq mi","Fulton, CA / 441"
"1082","1081.","1.94 sq mi","Laton, CA / 1,144"
"1083","1082.","1.93 sq mi","Sunnyside, CA / 4,159"
"1084","1083.","1.93 sq mi","Bostonia, CA / 16,460"
"1085","1084.","1.93 sq mi","Bass Lake, CA / 570"
"1086","1085.","1.92 sq mi","Gonzales, CA / 8,336"
"1087","1086.","1.91 sq mi","Orange Cove, CA / 9,473"
"1088","1087.","1.91 sq mi","Lomita, CA / 20,539"
"1089","1088.","1.91 sq mi","Colma, CA / 1,837"
"1090","1089.","1.91 sq mi","Randsburg, CA / 128"
"1091","1090.","1.90 sq mi","Armona, CA / 3,531"
"1092","1091.","1.90 sq mi","Monte Rio, CA / 1,031"
"1093","1092.","1.90 sq mi","Washington, CA / 17"
"1094","1093.","1.89 sq mi","Silverado Resort, CA / 1,074"
"1095","1094.","1.89 sq mi","West Hollywood, CA / 35,053"
"1096","1095.","1.88 sq mi","Mountain Center, CA / 75"
"1097","1096.","1.88 sq mi","Sunny Slopes, CA / 137"
"1098","1097.","1.88 sq mi","Cotati, CA / 7,347"
"1099","1098.","1.87 sq mi","Live Oak, CA / 8,500"
"1100","1099.","1.86 sq mi","Bishop, CA / 3,851"
"1101","1100.","1.85 sq mi","Sebastopol, CA / 7,535"
"1102","1101.","1.85 sq mi","La Riviera, CA / 11,529"
"1103","1102.","1.85 sq mi","Isla Vista, CA / 24,792"
"1104","1103.","1.85 sq mi","Westmont, CA / 30,835"
"1105","1104.","1.84 sq mi","Middletown, CA / 1,073"
"1106","1105.","1.84 sq mi","Littlerock, CA / 2,040"
"1107","1106.","1.84 sq mi","Indian Falls, CA / 23"
"1108","1107.","1.84 sq mi","View Park-Windsor Hills, CA / 11,374"
"1109","1108.","1.84 sq mi","Ashland, CA / 23,360"
"1110","1109.","1.84 sq mi","Princeton, CA / 232"
"1111","1110.","1.83 sq mi","Colusa, CA / 5,962"
"1112","1111.","1.83 sq mi","Country Club, CA / 10,018"
"1113","1112.","1.82 sq mi","Penryn, CA / 946"
"1114","1113.","1.82 sq mi","Del Rio, CA / 1,769"
"1115","1114.","1.82 sq mi","Albion, CA / 295"
"1116","1115.","1.82 sq mi","Hughson, CA / 6,895"
"1117","1116.","1.81 sq mi","Parksdale, CA / 3,114"
"1118","1117.","1.81 sq mi","La Palma, CA / 15,791"
"1119","1118.","1.81 sq mi","Highlands-Baywood Park, CA / 4,298"
"1120","1119.","1.80 sq mi","Courtland, CA / 515"
"1121","1120.","1.80 sq mi","Woodacre, CA / 1,778"
"1122","1121.","1.79 sq mi","West Park, CA / 792"
"1123","1122.","1.79 sq mi","Albany, CA / 19,020"
"1124","1123.","1.78 sq mi","Montague, CA / 1,504"
"1125","1124.","1.77 sq mi","Goshen, CA / 3,832"
"1126","1125.","1.77 sq mi","Sausalito, CA / 7,043"
"1127","1126.","1.76 sq mi","West Puente Valley, CA / 23,868"
"1128","1127.","1.76 sq mi","Arbuckle, CA / 3,009"
"1129","1128.","1.76 sq mi","Tuttle, CA / 17"
"1130","1129.","1.76 sq mi","Cressey, CA / 322"
"1131","1130.","1.75 sq mi","Cherokee, CA / 80"
"1132","1131.","1.74 sq mi","Westley, CA / 853"
"1133","1132.","1.74 sq mi","Buck Meadows, CA / 50"
"1134","1133.","1.74 sq mi","Clipper Mills, CA / 142"
"1135","1134.","1.73 sq mi","Loma Mar, CA / 211"
"1136","1135.","1.73 sq mi","Cold Springs CDP, CA / 193"
"1137","1136.","1.73 sq mi","Nice, CA / 2,156"
"1138","1137.","1.72 sq mi","Lake San Marcos, CA / 4,679"
"1139","1138.","1.71 sq mi","Del Mar, CA / 4,242"
"1140","1139.","1.71 sq mi","San Miguel CDP, CA / 2,638"
"1141","1140.","1.70 sq mi","Ripley, CA / 659"
"1142","1141.","1.70 sq mi","Dunsmuir, CA / 1,482"
"1143","1142.","1.70 sq mi","Mount Laguna, CA / 12"
"1144","1143.","1.69 sq mi","Hidden Hills, CA / 1,749"
"1145","1144.","1.68 sq mi","Upper Lake, CA / 755"
"1146","1145.","1.68 sq mi","Rutherford, CA / 219"
"1147","1146.","1.68 sq mi","Piedmont, CA / 10,957"
"1148","1147.","1.68 sq mi","Round Mountain, CA / 126"
"1149","1148.","1.67 sq mi","Little River, CA / 38"
"1150","1149.","1.65 sq mi","Woodlands, CA / 448"
"1151","1150.","1.65 sq mi","West Rancho Dominguez, CA / 21,739"
"1152","1151.","1.65 sq mi","Old Fig Garden, CA / 5,186"
"1153","1152.","1.64 sq mi","Bieber, CA / 127"
"1154","1153.","1.63 sq mi","Dollar Point, CA / 1,076"
"1155","1154.","1.63 sq mi","Herlong, CA / 1,702"
"1156","1155.","1.63 sq mi","Lemon Hill, CA / 12,767"
"1157","1156.","1.62 sq mi","Buena Vista, CA / 284"
"1158","1157.","1.62 sq mi","Artesia, CA / 16,698"
"1159","1158.","1.62 sq mi","Monte Sereno, CA / 3,462"
"1160","1159.","1.59 sq mi","Capitola, CA / 10,043"
"1161","1160.","1.59 sq mi","Cleone, CA / 679"
"1162","1161.","1.59 sq mi","El Portal, CA / 601"
"1163","1162.","1.59 sq mi","Huron, CA / 6,777"
"1164","1163.","1.59 sq mi","Talmage, CA / 1,335"
"1165","1164.","1.59 sq mi","Temelec, CA / 1,505"
"1166","1165.","1.58 sq mi","Buellton, CA / 4,924"
"1167","1166.","1.58 sq mi","Graton, CA / 1,626"
"1168","1167.","1.58 sq mi","Planada, CA / 4,465"
"1169","1168.","1.57 sq mi","Dos Palos Y, CA / 171"
"1170","1169.","1.57 sq mi","Mountain View Acres, CA / 3,502"
"1171","1170.","1.56 sq mi","Empire, CA / 4,296"
"1172","1171.","1.56 sq mi","East San Gabriel, CA / 15,573"
"1173","1172.","1.56 sq mi","Ross, CA / 2,227"
"1174","1173.","1.56 sq mi","Home Gardens, CA / 11,701"
"1175","1174.","1.55 sq mi","Gustine, CA / 5,610"
"1176","1175.","1.55 sq mi","Madison, CA / 526"
"1177","1176.","1.54 sq mi","Rossmoor, CA / 10,816"
"1178","1177.","1.53 sq mi","South Dos Palos, CA / 2,464"
"1179","1178.","1.53 sq mi","Ford City, CA / 4,154"
"1180","1179.","1.53 sq mi","Oceano, CA / 7,355"
"1181","1180.","1.53 sq mi","Yountville, CA / 2,977"
"1182","1181.","1.52 sq mi","Mission Canyon, CA / 2,531"
"1183","1182.","1.51 sq mi","South San Jose Hills, CA / 21,012"
"1184","1183.","1.51 sq mi","San Geronimo, CA / 369"
"1185","1184.","1.50 sq mi","Vine Hill, CA / 4,296"
"1186","1185.","1.50 sq mi","Maricopa, CA / 1,158"
"1187","1186.","1.50 sq mi","Volcano, CA / 115"
"1188","1187.","1.50 sq mi","Lake Of The Pines, CA / 3,563"
"1189","1188.","1.49 sq mi","Miranda, CA / 536"
"1190","1189.","1.49 sq mi","Greenfield CDP, CA / 3,974"
"1191","1190.","1.49 sq mi","Graniteville, CA / 11"
"1192","1191.","1.49 sq mi","Heber, CA / 4,256"
"1193","1192.","1.48 sq mi","Wheatland, CA / 3,494"
"1194","1193.","1.47 sq mi","Sunnyslope, CA / 5,153"
"1195","1194.","1.47 sq mi","Fetters Hot Springs-Agua Caliente, CA / 4,866"
"1196","1195.","1.47 sq mi","Vincent, CA / 15,922"
"1197","1196.","1.47 sq mi","Loyola, CA / 3,463"
"1198","1197.","1.46 sq mi","University Of California Davis, CA / 6,735"
"1199","1198.","1.45 sq mi","Elk Creek, CA / 136"
"1200","1199.","1.45 sq mi","Patterson Tract, CA / 2,041"
"1201","1200.","1.44 sq mi","Stinson Beach, CA / 425"
"1202","1201.","1.44 sq mi","Riverdale Park, CA / 922"
"1203","1202.","1.43 sq mi","Proberta, CA / 280"
"1204","1203.","1.43 sq mi","Hermosa Beach, CA / 19,725"
"1205","1204.","1.42 sq mi","Indianola, CA / 889"
"1206","1205.","1.41 sq mi","North Richmond, CA / 3,926"
"1207","1206.","1.41 sq mi","Meiners Oaks, CA / 3,634"
"1208","1207.","1.41 sq mi","Colfax, CA / 2,424"
"1209","1208.","1.41 sq mi","Strathmore, CA / 3,626"
"1210","1209.","1.40 sq mi","Green Acres, CA / 2,330"
"1211","1210.","1.38 sq mi","Yolo, CA / 561"
"1212","1211.","1.38 sq mi","Whitley Gardens, CA / 166"
"1213","1212.","1.37 sq mi","Sierra Brooks, CA / 418"
"1214","1213.","1.36 sq mi","Oakville, CA / 59"
"1215","1214.","1.36 sq mi","Diablo, CA / 969"
"1216","1215.","1.35 sq mi","Vina, CA / 161"
"1217","1216.","1.35 sq mi","Point Arena, CA / 405"
"1218","1217.","1.35 sq mi","Dos Palos, CA / 5,023"
"1219","1218.","1.35 sq mi","Darwin, CA / 18"
"1220","1219.","1.34 sq mi","West Athens, CA / 8,615"
"1221","1220.","1.33 sq mi","Daphnedale Park, CA / 20"
"1222","1221.","1.33 sq mi","Likely, CA / 31"
"1223","1222.","1.32 sq mi","East Pasadena, CA / 6,123"
"1224","1223.","1.32 sq mi","Robinson Mill, CA / 80"
"1225","1224.","1.32 sq mi","Strawberry, CA / 5,684"
"1226","1225.","1.31 sq mi","Guadalupe, CA / 7,160"
"1227","1226.","1.30 sq mi","Nicasio, CA / 95"
"1228","1227.","1.30 sq mi","Keeler, CA / 80"
"1229","1228.","1.30 sq mi","Carnelian Bay, CA / 463"
"1230","1229.","1.30 sq mi","Greenview, CA / 183"
"1231","1230.","1.29 sq mi","Cutten, CA / 3,117"
"1232","1231.","1.28 sq mi","Soda Bay, CA / 1,369"
"1233","1232.","1.28 sq mi","Poplar-Cotton Center, CA / 2,764"
"1234","1233.","1.28 sq mi","Friant, CA / 263"
"1235","1234.","1.26 sq mi","Garey, CA / 74"
"1236","1235.","1.26 sq mi","Camino Tassajara, CA / 1,789"
"1237","1236.","1.26 sq mi","Victor, CA / 605"
"1238","1237.","1.25 sq mi","August, CA / 8,479"
"1239","1238.","1.25 sq mi","Redway, CA / 1,132"
"1240","1239.","1.25 sq mi","Emeryville, CA / 10,497"
"1241","1240.","1.24 sq mi","Camp Nelson, CA / 100"
"1242","1241.","1.23 sq mi","Mission Hills, CA / 3,415"
"1243","1242.","1.22 sq mi","Edna, CA / 174"
"1244","1243.","1.22 sq mi","Seeley, CA / 1,214"
"1245","1244.","1.22 sq mi","Del Rey, CA / 1,489"
"1246","1245.","1.20 sq mi","Alum Rock, CA / 10,992"
"1247","1246.","1.20 sq mi","North Fair Oaks, CA / 15,181"
"1248","1247.","1.20 sq mi","Cherryland, CA / 15,244"
"1249","1248.","1.20 sq mi","Emerald Lake Hills, CA / 4,519"
"1250","1249.","1.18 sq mi","East Shore, CA / 203"
"1251","1250.","1.18 sq mi","Ballard, CA / 323"
"1252","1251.","1.18 sq mi","Maywood, CA / 27,703"
"1253","1252.","1.18 sq mi","West Goshen, CA / 633"
"1254","1253.","1.18 sq mi","Stirling City, CA / 154"
"1255","1254.","1.18 sq mi","Kennedy, CA / 3,487"
"1256","1255.","1.18 sq mi","Cudahy, CA / 24,073"
"1257","1256.","1.17 sq mi","Cartago, CA / 38"
"1258","1257.","1.17 sq mi","Hornitos, CA / 56"
"1259","1258.","1.16 sq mi","Hornbrook, CA / 275"
"1260","1259.","1.16 sq mi","Pine Flat, CA / 130"
"1261","1260.","1.15 sq mi","Comptche, CA / 77"
"1262","1261.","1.15 sq mi","Holtville, CA / 6,067"
"1263","1262.","1.15 sq mi","San Joaquin, CA / 4,010"
"1264","1263.","1.14 sq mi","El Verano, CA / 4,338"
"1265","1264.","1.14 sq mi","Le Grand, CA / 1,823"
"1266","1265.","1.14 sq mi","Valley Ranch, CA / 68"
"1267","1266.","1.13 sq mi","Saranap, CA / 5,591"
"1268","1267.","1.13 sq mi","Clear Creek, CA / 182"
"1269","1268.","1.13 sq mi","Stevinson, CA / 171"
"1270","1269.","1.13 sq mi","University Of California Merced, CA"
"1271","1270.","1.11 sq mi","Salmon Creek, CA / 59"
"1272","1271.","1.11 sq mi","Santa Susana, CA / 989"
"1273","1272.","1.11 sq mi","Alondra Park, CA / 8,833"
"1274","1273.","1.10 sq mi","Freedom, CA / 3,205"
"1275","1274.","1.09 sq mi","Lennox, CA / 22,039"
"1276","1275.","1.09 sq mi","Garden Farms, CA / 341"
"1277","1276.","1.09 sq mi","East La Mirada, CA / 9,757"
"1278","1277.","1.09 sq mi","Hamilton Branch, CA / 634"
"1279","1278.","1.08 sq mi","Paskenta, CA / 52"
"1280","1279.","1.08 sq mi","Carmel By The Sea, CA / 3,807"
"1281","1280.","1.08 sq mi","South Taft, CA / 1,680"
"1282","1281.","1.08 sq mi","Hickman, CA / 479"
"1283","1282.","1.06 sq mi","Crockett, CA / 3,151"
"1284","1283.","1.06 sq mi","Boyes Hot Springs, CA / 7,664"
"1285","1284.","1.06 sq mi","Castroville, CA / 6,226"
"1286","1285.","1.05 sq mi","San Miguel, CA / 3,355"
"1287","1286.","1.05 sq mi","Blacklake, CA / 942"
"1288","1287.","1.04 sq mi","Las Lomas, CA / 3,409"
"1289","1288.","1.03 sq mi","Ferndale, CA / 1,456"
"1290","1289.","1.03 sq mi","Valley Home, CA / 292"
"1291","1290.","1.02 sq mi","Sequoia Crest, CA / 26"
"1292","1291.","1.02 sq mi","Edgewood, CA / 30"
"1293","1292.","1.01 sq mi","Del Aire, CA / 10,406"
"1294","1293.","1.01 sq mi","Tipton, CA / 2,327"
"1295","1294.","1.01 sq mi","Alpaugh, CA / 969"
"1296","1295.","1.00 sq mi","Mcarthur, CA / 308"
"1297","1296.","0.98 sq mi","Terminous, CA / 409"
"1298","1297.","0.97 sq mi","Eagleville, CA / 70"
"1299","1298.","0.96 sq mi","Kingvale, CA / 177"
"1300","1299.","0.95 sq mi","Floriston, CA / 58"
"1301","1300.","0.95 sq mi","Kensington, CA / 5,351"
"1302","1301.","0.95 sq mi","Hawaiian Gardens, CA / 14,432"
"1303","1302.","0.94 sq mi","Waukena, CA / 173"
"1304","1303.","0.94 sq mi","Bombay Beach, CA / 171"
"1305","1304.","0.94 sq mi","Roseland, CA / 5,556"
"1306","1305.","0.94 sq mi","Acampo, CA / 776"
"1307","1306.","0.93 sq mi","Plymouth, CA / 1,185"
"1308","1307.","0.93 sq mi","Charter Oak, CA / 9,200"
"1309","1308.","0.93 sq mi","Richvale, CA / 86"
"1310","1309.","0.93 sq mi","Pajaro, CA / 2,957"
"1311","1310.","0.92 sq mi","Gerber, CA / 1,201"
"1312","1311.","0.90 sq mi","Fish Camp, CA / 44"
"1313","1312.","0.90 sq mi","Chinese Camp, CA / 99"
"1314","1313.","0.89 sq mi","Bluewater, CA / 174"
"1315","1314.","0.89 sq mi","Mount Hermon, CA / 1,027"
"1316","1315.","0.89 sq mi","Citrus, CA / 11,446"
"1317","1316.","0.88 sq mi","Pasatiempo, CA / 1,016"
"1318","1317.","0.88 sq mi","Almanor, CA / 10"
"1319","1318.","0.87 sq mi","Camptonville, CA / 150"
"1320","1319.","0.86 sq mi","Marina Del Rey, CA / 9,157"
"1321","1320.","0.84 sq mi","Traver, CA / 910"
"1322","1321.","0.84 sq mi","Samoa, CA / 305"
"1323","1322.","0.83 sq mi","Lemon Cove, CA / 214"
"1324","1323.","0.83 sq mi","South San Gabriel, CA / 8,281"
"1325","1324.","0.83 sq mi","Mountain Mesa, CA / 454"
"1326","1325.","0.82 sq mi","East Rancho Dominguez, CA / 15,343"
"1327","1326.","0.81 sq mi","Ponderosa, CA / 100"
"1328","1327.","0.81 sq mi","Cutler, CA / 4,224"
"1329","1328.","0.81 sq mi","Tarpey Village, CA / 3,246"
"1330","1329.","0.80 sq mi","San Simeon, CA / 477"
"1331","1330.","0.79 sq mi","Tehama, CA / 397"
"1332","1331.","0.78 sq mi","Canyondam, CA / 78"
"1333","1332.","0.77 sq mi","Seacliff, CA / 3,373"
"1334","1333.","0.76 sq mi","Raisin City, CA / 232"
"1335","1334.","0.76 sq mi","Etna, CA / 750"
"1336","1335.","0.76 sq mi","Cold Springs, CA / 623"
"1337","1336.","0.75 sq mi","Fuller Acres, CA / 924"
"1338","1337.","0.75 sq mi","Weott, CA / 152"
"1339","1338.","0.75 sq mi","Opal Cliffs, CA / 5,846"
"1340","1339.","0.75 sq mi","Three Rocks, CA / 51"
"1341","1340.","0.75 sq mi","Nubieber, CA / 15"
"1342","1341.","0.75 sq mi","California Hot Springs, CA / 74"
"1343","1342.","0.75 sq mi","Walnut Park, CA / 16,039"
"1344","1343.","0.75 sq mi","Scotia, CA / 864"
"1345","1344.","0.74 sq mi","Pacheco, CA / 4,295"
"1346","1345.","0.74 sq mi","Sereno Del Mar, CA / 51"
"1347","1346.","0.74 sq mi","Lincoln Village, CA / 3,996"
"1348","1347.","0.73 sq mi","Bayview CDP, CA / 2,408"
"1349","1348.","0.73 sq mi","Castle Hill, CA / 1,223"
"1350","1349.","0.72 sq mi","Smartsville, CA / 143"
"1351","1350.","0.72 sq mi","Phillipsville, CA / 77"
"1352","1351.","0.71 sq mi","Squirrel Mountain Valley, CA / 372"
"1353","1352.","0.71 sq mi","Mount Hebron, CA / 88"
"1354","1353.","0.71 sq mi","San Juan Bautista, CA / 2,219"
"1355","1354.","0.71 sq mi","Calpine, CA / 189"
"1356","1355.","0.71 sq mi","Bystrom, CA / 3,805"
"1357","1356.","0.71 sq mi","New Cuyama, CA / 591"
"1358","1357.","0.70 sq mi","Dorris, CA / 1,115"
"1359","1358.","0.70 sq mi","Parkwood, CA / 2,879"
"1360","1359.","0.70 sq mi","Cedar Slope, CA"
"1361","1360.","0.69 sq mi","Coronita, CA / 3,397"
"1362","1361.","0.69 sq mi","Twin Lakes, CA / 5,212"
"1363","1362.","0.69 sq mi","Mayflower Village, CA / 5,779"
"1364","1363.","0.68 sq mi","Stratford, CA / 1,301"
"1365","1364.","0.68 sq mi","Lindcove, CA / 520"
"1366","1365.","0.68 sq mi","Desert Shores, CA / 1,039"
"1367","1366.","0.67 sq mi","Shackelford, CA / 3,371"
"1368","1367.","0.66 sq mi","North Gate, CA / 417"
"1369","1368.","0.66 sq mi","Fellows, CA / 98"
"1370","1369.","0.65 sq mi","Manila, CA / 673"
"1371","1370.","0.65 sq mi","Spring Garden, CA / 16"
"1372","1371.","0.65 sq mi","Eldridge, CA / 1,333"
"1373","1372.","0.65 sq mi","Biola, CA / 1,017"
"1374","1373.","0.65 sq mi","Keddie, CA / 89"
"1375","1374.","0.64 sq mi","Waldon, CA / 5,364"
"1376","1375.","0.64 sq mi","Grangeville, CA / 607"
"1377","1376.","0.64 sq mi","Tara Hills, CA / 4,767"
"1378","1377.","0.64 sq mi","Seville, CA / 437"
"1379","1378.","0.64 sq mi","Biggs, CA / 2,010"
"1380","1379.","0.63 sq mi","Midway City, CA / 9,104"
"1381","1380.","0.63 sq mi","London, CA / 2,080"
"1382","1381.","0.63 sq mi","Chualar, CA / 1,255"
"1383","1382.","0.62 sq mi","Calwa, CA / 2,052"
"1384","1383.","0.62 sq mi","Tranquillity, CA / 897"
"1385","1384.","0.62 sq mi","Home Garden, CA / 1,787"
"1386","1385.","0.62 sq mi","Mcclenney Tract, CA / 6"
"1387","1386.","0.61 sq mi","Hartland, CA / 30"
"1388","1387.","0.61 sq mi","Ducor, CA / 646"
"1389","1388.","0.61 sq mi","Belden, CA / 46"
"1390","1389.","0.61 sq mi","Fruitridge Pocket, CA / 5,802"
"1391","1390.","0.60 sq mi","Prattville, CA / 12"
"1392","1391.","0.60 sq mi","Fort Jones, CA / 848"
"1393","1392.","0.60 sq mi","Big Lagoon, CA / 142"
"1394","1393.","0.60 sq mi","Redcrest, CA / 52"
"1395","1394.","0.60 sq mi","Cambrian Park, CA / 3,318"
"1396","1395.","0.59 sq mi","Dutch Flat, CA / 132"
"1397","1396.","0.59 sq mi","Blue Lake, CA / 1,258"
"1398","1397.","0.59 sq mi","Rolling Hills CDP, CA / 921"
"1399","1398.","0.59 sq mi","Palo Verde, CA / 17"
"1400","1399.","0.59 sq mi","Westmorland, CA / 1,747"
"1401","1400.","0.59 sq mi","Airport, CA / 1,547"
"1402","1401.","0.58 sq mi","Gazelle, CA / 76"
"1403","1402.","0.58 sq mi","East Richmond Heights, CA / 3,501"
"1404","1403.","0.58 sq mi","Hiouchi, CA / 413"
"1405","1404.","0.58 sq mi","Silver City, CA"
"1406","1405.","0.58 sq mi","Clio, CA / 49"
"1407","1406.","0.56 sq mi","Creston, CA / 61"
"1408","1407.","0.56 sq mi","Sand City, CA / 355"
"1409","1408.","0.56 sq mi","Richfield, CA / 278"
"1410","1409.","0.55 sq mi","Boronda, CA / 1,278"
"1411","1410.","0.55 sq mi","Bret Harte, CA / 4,998"
"1412","1411.","0.55 sq mi","South Monrovia Island, CA / 6,929"
"1413","1412.","0.54 sq mi","Blairsden, CA / 35"
"1414","1413.","0.54 sq mi","Snelling, CA / 116"
"1415","1414.","0.54 sq mi","Marin City, CA / 2,958"
"1416","1415.","0.53 sq mi","Elmira, CA / 242"
"1417","1416.","0.53 sq mi","Tupman, CA / 176"
"1418","1417.","0.52 sq mi","Strawberry CDP, CA / 228"
"1419","1418.","0.52 sq mi","Belvedere, CA / 2,036"
"1420","1419.","0.52 sq mi","Mayfair, CA / 4,512"
"1421","1420.","0.52 sq mi","Santa Margarita, CA / 1,231"
"1422","1421.","0.52 sq mi","Grenada, CA / 421"
"1423","1422.","0.50 sq mi","Knights Landing, CA / 1,161"
"1424","1423.","0.49 sq mi","Muir Beach, CA / 292"
"1425","1424.","0.49 sq mi","Monson, CA / 191"
"1426","1425.","0.49 sq mi","West Menlo Park, CA / 3,743"
"1427","1426.","0.48 sq mi","Trinidad, CA / 236"
"1428","1427.","0.48 sq mi","East Tulare Villa, CA / 951"
"1429","1428.","0.48 sq mi","Del Rey Oaks, CA / 1,727"
"1430","1429.","0.48 sq mi","Casa Conejo, CA / 3,699"
"1431","1430.","0.48 sq mi","Panorama Heights, CA / 38"
"1432","1431.","0.47 sq mi","Taft Mosswood, CA / 1,398"
"1433","1432.","0.46 sq mi","Acalanes Ridge, CA / 1,226"
"1434","1433.","0.46 sq mi","Big Creek, CA / 201"
"1435","1434.","0.46 sq mi","Idlewild, CA / 32"
"1436","1435.","0.45 sq mi","Cuyama, CA / 72"
"1437","1436.","0.45 sq mi","Richgrove, CA / 3,006"
"1438","1437.","0.45 sq mi","Broadmoor, CA / 4,734"
"1439","1438.","0.45 sq mi","San Ardo, CA / 647"
"1440","1439.","0.44 sq mi","Sultana, CA / 813"
"1441","1440.","0.44 sq mi","Ladera, CA / 1,497"
"1442","1441.","0.44 sq mi","Desert View Highlands, CA / 2,291"
"1443","1442.","0.44 sq mi","Isleton, CA / 792"
"1444","1443.","0.44 sq mi","Rose Hills, CA / 3,260"
"1445","1444.","0.43 sq mi","Myers Flat, CA / 57"
"1446","1445.","0.43 sq mi","Shell Ridge, CA / 1,139"
"1447","1446.","0.43 sq mi","Matheny, CA / 1,098"
"1448","1447.","0.42 sq mi","North El Monte, CA / 3,924"
"1449","1448.","0.41 sq mi","Tulelake, CA / 1,029"
"1450","1449.","0.41 sq mi","Pierpoint, CA / 23"
"1451","1450.","0.40 sq mi","Channel Islands Beach, CA / 2,778"
"1452","1451.","0.40 sq mi","Burbank CDP, CA / 5,869"
"1453","1452.","0.40 sq mi","Niland, CA / 1,063"
"1454","1453.","0.40 sq mi","Moss Landing, CA / 200"
"1455","1454.","0.39 sq mi","San Lucas, CA / 243"
"1456","1455.","0.38 sq mi","Bowles, CA / 182"
"1457","1456.","0.37 sq mi","Saticoy, CA / 1,212"
"1458","1457.","0.37 sq mi","River Pines, CA / 309"
"1459","1458.","0.36 sq mi","Las Flores CDP, CA / 154"
"1460","1459.","0.36 sq mi","Posey, CA / 8"
"1461","1460.","0.36 sq mi","Loyalton, CA / 874"
"1462","1461.","0.35 sq mi","Alleghany, CA / 115"
"1463","1462.","0.34 sq mi","Montalvin, CA / 3,055"
"1464","1463.","0.34 sq mi","Soda Springs, CA / 80"
"1465","1464.","0.33 sq mi","Paxton, CA / 14"
"1466","1465.","0.33 sq mi","Tomales, CA / 155"
"1467","1466.","0.32 sq mi","Hood, CA / 311"
"1468","1467.","0.31 sq mi","Amador City, CA / 164"
"1469","1468.","0.31 sq mi","Hamilton City, CA / 1,718"
"1470","1469.","0.31 sq mi","Plainview, CA / 858"
"1471","1470.","0.31 sq mi","Monmouth, CA / 184"
"1472","1471.","0.30 sq mi","Bayview, CA / 2,025"
"1473","1472.","0.30 sq mi","Taft Heights, CA / 2,612"
"1474","1473.","0.30 sq mi","Salton Sea Beach, CA / 757"
"1475","1474.","0.29 sq mi","Mountain View CDP, CA / 2,299"
"1476","1475.","0.29 sq mi","Crestmore Heights, CA / 384"
"1477","1476.","0.29 sq mi","Carmet, CA / 14"
"1478","1477.","0.28 sq mi","Paradise Park, CA / 542"
"1479","1478.","0.28 sq mi","Fields Landing, CA / 130"
"1480","1479.","0.27 sq mi","Malaga, CA / 935"
"1481","1480.","0.27 sq mi","Wilsonia, CA / 5"
"1482","1481.","0.27 sq mi","Fruitdale, CA / 1,089"
"1483","1482.","0.26 sq mi","Rodriguez Camp, CA / 192"
"1484","1483.","0.26 sq mi","San Pasqual, CA / 2,143"
"1485","1484.","0.25 sq mi","East Orosi, CA / 321"
"1486","1485.","0.24 sq mi","Tennant, CA / 115"
"1487","1486.","0.24 sq mi","Rouse, CA / 1,757"
"1488","1487.","0.24 sq mi","Winterhaven, CA / 151"
"1489","1488.","0.23 sq mi","Mettler, CA / 88"
"1490","1489.","0.22 sq mi","Smith Corner, CA / 661"
"1491","1490.","0.21 sq mi","Kettleman City, CA / 1,648"
"1492","1491.","0.19 sq mi","Sunset Beach, CA / 971"
"1493","1492.","0.19 sq mi","Casmalia, CA / 114"
"1494","1493.","0.17 sq mi","Rollingwood, CA / 2,832"
"1495","1494.","0.17 sq mi","Parklawn, CA / 1,191"
"1496","1495.","0.16 sq mi","Caribou, CA"
"1497","1496.","0.16 sq mi","Port Costa, CA / 302"
"1498","1497.","0.16 sq mi","Cowan, CA / 510"
"1499","1498.","0.15 sq mi","Yettem, CA / 285"
"1500","1499.","0.15 sq mi","Macdoel, CA / 111"
"1501","1500.","0.14 sq mi","Hardwick, CA / 184"
"1502","1501.","0.13 sq mi","Clyde, CA / 680"
"1503","1502.","0.13 sq mi","Alto, CA / 678"
"1504","1503.","0.12 sq mi","Fort Washington, CA / 430"
"1505","1504.","0.12 sq mi","Spreckels, CA / 939"
"1506","1505.","0.12 sq mi","Linnell Camp, CA / 561"
"1507","1506.","0.11 sq mi","Sugarloaf Mountain Park, CA"
"1508","1507.","0.10 sq mi","La Vina, CA / 436"
"1509","1508.","0.10 sq mi","Sugarloaf Saw Mill, CA / 18"
"1510","1509.","0.09 sq mi","Cherokee Strip, CA / 295"
"1511","1510.","0.09 sq mi","Bradley, CA / 127"
"1512","1511.","0.08 sq mi","Storrie, CA / 4"
"1513","1512.","0.07 sq mi","El Rancho, CA / 16"
"1514","1513.","0.07 sq mi","Sugarloaf Village, CA / 9"
"1515","1514.","0.07 sq mi","Tooleville, CA / 387"
"1516","1515.","0.07 sq mi","Edmundson Acres, CA / 274"
"1517","1516.","0.07 sq mi","Delft Colony, CA / 164"
"1518","1517.","0.06 sq mi","Carrick, CA / 66"
"1519","1518.","0.06 sq mi","Bear Creek, CA / 197"
"1520","1519.","0.05 sq mi","Tonyville, CA / 764"
"1521","1520.","0.05 sq mi","Monterey Park Tract, CA / 273"
"1522","1521.","0.04 sq mi","Freeport, CA / 68"
"1523","1522.","0.04 sq mi","Poso Park, CA / 4"
"1524","1523.","0.03 sq mi","Mexican Colony, CA / 216"
